,State,Year,Month,Day,Total_Cases,Total_Deaths,Total_Positives,Total_Negatives,Vaccine_Dist,Vaccine_Admin,Vaccine_Int,Vaccine_Complete,Add_Dose,Monthly Cases,Monthly Deaths,Monthly Positive,Monthly Negatives,Monthly Vaccine Completed
0,AK,2020,12,31,46740.0,198.0,84167.0,1321410.0,54975.0,14550.0,0.0,0.0,0.0,,,,,
1,AK,2021,1,31,53985.0,253.0,93699.0,1547506.0,193150.0,119590.0,0.0,0.0,0.0,7245.0,55.0,9532.0,226096.0,0.0
2,AK,2021,2,28,57846.0,279.0,98919.0,1742031.0,342535.0,264741.0,166735.0,0.0,0.0,3861.0,26.0,5220.0,194525.0,0.0
3,AK,2021,3,31,62559.0,299.0,104247.0,1954197.0,601225.0,407233.0,248711.0,163100.0,0.0,4713.0,20.0,5328.0,212166.0,163100.0
4,AK,2021,4,30,67598.0,330.0,109932.0,2152524.0,769205.0,552792.0,305395.0,256564.0,0.0,5039.0,31.0,5685.0,198327.0,93464.0
5,AK,2021,5,31,69627.0,352.0,112288.0,2299052.0,806335.0,612275.0,337795.0,287850.0,0.0,2029.0,22.0,2356.0,146528.0,31286.0
6,AK,2021,6,30,70669.0,360.0,112753.0,2350228.0,829945.0,658672.0,358311.0,313709.0,0.0,1042.0,8.0,465.0,51176.0,25859.0
7,AK,2021,7,31,74853.0,372.0,118678.0,2468703.0,854805.0,697440.0,376882.0,333092.0,0.0,4184.0,12.0,5925.0,118475.0,19383.0
8,AK,2021,8,31,87842.0,427.0,137274.0,2697080.0,933585.0,730407.0,396543.0,345364.0,0.0,12989.0,55.0,18596.0,228377.0,12272.0
9,AK,2021,9,30,113835.0,559.0,146327.0,2784766.0,1058945.0,792368.0,419056.0,370114.0,0.0,25993.0,132.0,9053.0,87686.0,24750.0
10,AK,2021,10,31,136975.0,707.0,151420.0,2833177.0,1155005.0,871621.0,434826.0,385131.0,53675.0,23140.0,148.0,5093.0,48411.0,15017.0
11,AK,2021,11,30,150004.0,856.0,153624.0,2871557.0,1272385.0,957508.0,459412.0,396688.0,104915.0,13029.0,149.0,2204.0,38380.0,11557.0
12,AK,2021,12,31,156130.0,954.0,154826.0,2895642.0,1320555.0,1026473.0,476117.0,412432.0,143539.0,6126.0,98.0,1202.0,24085.0,15744.0
13,AL,2020,12,31,358661.0,4827.0,404298.0,2860899.0,153025.0,26711.0,0.0,0.0,0.0,202531.0,3873.0,249472.0,-34743.0,-412432.0
14,AL,2021,1,31,457074.0,7688.0,481208.0,3233211.0,659400.0,353974.0,0.0,0.0,0.0,98413.0,2861.0,76910.0,372312.0,0.0
15,AL,2021,2,28,490687.0,9929.0,512881.0,3527012.0,1402280.0,942502.0,649745.0,0.0,0.0,33613.0,2241.0,31673.0,293801.0,0.0
16,AL,2021,3,31,512823.0,10554.0,526862.0,3758391.0,2796630.0,1728736.0,1155139.0,656899.0,0.0,22136.0,625.0,13981.0,231379.0,656899.0
17,AL,2021,4,30,525357.0,10896.0,538968.0,3940599.0,4088030.0,2591163.0,1589518.0,1143488.0,0.0,12534.0,342.0,12106.0,182208.0,486589.0
18,AL,2021,5,31,540840.0,11146.0,549316.0,4099006.0,4578590.0,3021902.0,1766534.0,1432946.0,0.0,15483.0,250.0,10348.0,158407.0,289458.0
19,AL,2021,6,30,548418.0,11352.0,555338.0,4214725.0,4813050.0,3350607.0,1954166.0,1594625.0,0.0,7578.0,206.0,6022.0,115719.0,161679.0
20,AL,2021,7,31,583042.0,11536.0,591558.0,4382785.0,5159890.0,3587175.0,2117044.0,1683584.0,0.0,34624.0,184.0,36220.0,168060.0,88959.0
21,AL,2021,8,31,697164.0,12283.0,699154.0,4731719.0,6127400.0,4136247.0,2442247.0,1880276.0,0.0,114122.0,747.0,107596.0,348934.0,196692.0
22,AL,2021,9,30,793910.0,14299.0,767907.0,5064128.0,6665330.0,4532608.0,2583590.0,2089852.0,0.0,96746.0,2016.0,68753.0,332409.0,209576.0
23,AL,2021,10,31,829482.0,15573.0,789036.0,5308565.0,7266450.0,4874827.0,2673656.0,2195532.0,217170.0,35572.0,1274.0,21129.0,244437.0,105680.0
24,AL,2021,11,30,843196.0,16119.0,799927.0,5519227.0,7834540.0,5242493.0,2772024.0,2264466.0,419340.0,13714.0,546.0,10891.0,210662.0,68934.0
25,AL,2021,12,31,894049.0,16455.0,845864.0,5762253.0,8056140.0,5639733.0,2873131.0,2338278.0,640227.0,50853.0,336.0,45937.0,243026.0,73812.0
26,AR,2020,12,31,225138.0,3676.0,178548.0,1777277.0,144225.0,33802.0,0.0,0.0,0.0,-668911.0,-12779.0,-667316.0,-3984976.0,-2338278.0
27,AR,2021,1,31,295268.0,4868.0,215763.0,2074811.0,453700.0,303793.0,0.0,0.0,0.0,70130.0,1192.0,37215.0,297534.0,0.0
28,AR,2021,2,28,322415.0,5243.0,226397.0,2229822.0,892660.0,649311.0,419502.0,0.0,0.0,27147.0,375.0,10634.0,155011.0,0.0
29,AR,2021,3,31,330398.0,5626.0,230698.0,2382363.0,1763540.0,1183295.0,788277.0,419462.0,0.0,7983.0,383.0,4301.0,152541.0,419462.0
30,AR,2021,4,30,335725.0,5739.0,233481.0,2492514.0,2636070.0,1787295.0,1071773.0,765888.0,0.0,5327.0,113.0,2783.0,110151.0,346426.0
31,AR,2021,5,31,341381.0,5833.0,236151.0,2570263.0,2770540.0,2079708.0,1194244.0,941718.0,0.0,5656.0,94.0,2670.0,77749.0,175830.0
32,AR,2021,6,30,349385.0,5909.0,239948.0,2648000.0,2837810.0,2229874.0,1262602.0,1029530.0,0.0,8004.0,76.0,3797.0,77737.0,87812.0
33,AR,2021,7,31,386452.0,6141.0,257417.0,2801739.0,3046510.0,2442426.0,1412910.0,1097775.0,0.0,37067.0,232.0,17469.0,153739.0,68245.0
34,AR,2021,8,31,452891.0,6934.0,290032.0,3058605.0,3733940.0,2795401.0,1604567.0,1253068.0,0.0,66439.0,793.0,32615.0,256866.0,155293.0
35,AR,2021,9,30,496077.0,7691.0,309686.0,3263496.0,4045050.0,3018302.0,1681692.0,1375964.0,0.0,43186.0,757.0,19654.0,204891.0,122896.0
36,AR,2021,10,31,513215.0,8376.0,319373.0,3419588.0,4454210.0,3256987.0,1751741.0,1449656.0,155638.0,17138.0,685.0,9687.0,156092.0,73692.0
37,AR,2021,11,30,528838.0,8667.0,327751.0,3551206.0,4857070.0,3524081.0,1824522.0,1488357.0,312682.0,15623.0,291.0,8378.0,131618.0,38701.0
38,AR,2021,12,31,566486.0,9148.0,352960.0,3725653.0,4989160.0,3800300.0,1892990.0,1545572.0,467409.0,37648.0,481.0,25209.0,174447.0,57215.0
39,AZ,2020,12,31,522488.0,8879.0,574089.0,4131454.0,298150.0,43667.0,0.0,0.0,0.0,-43998.0,-269.0,221129.0,405801.0,-1545572.0
40,AZ,2021,1,31,757235.0,13120.0,785858.0,5085978.0,1013375.0,594104.0,0.0,0.0,0.0,234747.0,4241.0,211769.0,954524.0,0.0
41,AZ,2021,2,28,815891.0,15980.0,840956.0,5701113.0,2148015.0,1792447.0,1220706.0,0.0,0.0,58656.0,2860.0,55098.0,615135.0,0.0
42,AZ,2021,3,31,840470.0,16967.0,863575.0,6237296.0,4304045.0,3451567.0,2157694.0,1242599.0,0.0,24579.0,987.0,22619.0,536183.0,1242599.0
43,AZ,2021,4,30,861156.0,17324.0,884691.0,6712191.0,6610725.0,5070403.0,2960823.0,2106896.0,0.0,20686.0,357.0,21116.0,474895.0,864297.0
44,AZ,2021,5,31,880109.0,17628.0,902753.0,7099956.0,7807315.0,5967929.0,3371853.0,2624164.0,0.0,18953.0,304.0,18062.0,387765.0,517268.0
45,AZ,2021,6,30,893534.0,17936.0,916084.0,7399513.0,8111060.0,6496635.0,3607576.0,2929104.0,0.0,13425.0,308.0,13331.0,299557.0,304940.0
46,AZ,2021,7,31,925894.0,18246.0,953900.0,7729285.0,8577780.0,7099611.0,3862065.0,3294048.0,0.0,32360.0,310.0,37816.0,329772.0,364944.0
47,AZ,2021,8,31,1010582.0,18786.0,1048783.0,8490145.0,9336690.0,7573202.0,4126485.0,3485349.0,0.0,84688.0,540.0,94883.0,760860.0,191301.0
48,AZ,2021,9,30,1092242.0,19984.0,1127883.0,9165125.0,9852670.0,8214287.0,4315832.0,3718393.0,0.0,81660.0,1198.0,79100.0,674980.0,233044.0
49,AZ,2021,10,31,1167559.0,21154.0,1199056.0,9773787.0,10824600.0,8814272.0,4459210.0,3866294.0,365601.0,75317.0,1170.0,71173.0,608662.0,147901.0
50,AZ,2021,11,30,1268439.0,22307.0,1299302.0,10399126.0,11729770.0,9594424.0,4680309.0,3979250.0,781987.0,100880.0,1153.0,100246.0,625339.0,112956.0
51,AZ,2021,12,31,1380147.0,24229.0,1414484.0,11060001.0,12598570.0,10525237.0,4907791.0,4155417.0,1262893.0,111708.0,1922.0,115182.0,660875.0,176167.0
52,CA,2020,12,31,2307860.0,25965.0,2384446.0,27503736.0,1566700.0,333373.0,0.0,0.0,0.0,927713.0,1736.0,969962.0,16443735.0,-4155417.0
53,CA,2021,1,31,3324064.0,40928.0,3329116.0,34115757.0,5666550.0,3285351.0,0.0,0.0,0.0,1016204.0,14963.0,944670.0,6612021.0,0.0
54,CA,2021,2,28,3569578.0,52213.0,3543233.0,38076761.0,11587650.0,8821044.0,6141765.0,0.0,0.0,245514.0,11285.0,214117.0,3961004.0,0.0
55,CA,2021,3,31,3669048.0,59260.0,3634089.0,42725539.0,23660110.0,18223412.0,12120118.0,6348325.0,0.0,99470.0,7047.0,90856.0,4648778.0,6348325.0
56,CA,2021,4,30,3742224.0,61756.0,3707296.0,47805439.0,38918500.0,30223491.0,19178415.0,11945441.0,0.0,73176.0,2496.0,73207.0,5079900.0,5597116.0
57,CA,2021,5,31,3789883.0,63249.0,3751268.0,52390557.0,47404720.0,38398021.0,22461033.0,17069789.0,0.0,47659.0,1493.0,43972.0,4585118.0,5124348.0
58,CA,2021,6,30,3816704.0,63662.0,3788221.0,56026349.0,49139975.0,42644084.0,24241875.0,19679334.0,0.0,26821.0,413.0,36953.0,3635792.0,2609545.0
59,CA,2021,7,31,4037490.0,64417.0,3960902.0,59475822.0,51018395.0,45139705.0,25611830.0,20870533.0,0.0,220786.0,755.0,172681.0,3449473.0,1191199.0
60,CA,2021,8,31,4449186.0,65863.0,4403009.0,66803594.0,54948675.0,48012379.0,27215365.0,22075470.0,0.0,411696.0,1446.0,442107.0,7327772.0,1204937.0
61,CA,2021,9,30,4739046.0,69278.0,4723914.0,75998120.0,58398465.0,50639664.0,28341309.0,23302641.0,0.0,289860.0,3415.0,320905.0,9194526.0,1227171.0
62,CA,2021,10,31,4917683.0,72140.0,4936852.0,84792872.0,63317305.0,54303185.0,29473427.0,24224020.0,2201920.0,178637.0,2862.0,212938.0,8794752.0,921379.0
63,CA,2021,11,30,5085477.0,74670.0,5121341.0,92277831.0,70629795.0,59597608.0,31147534.0,24958124.0,5124890.0,167794.0,2530.0,184489.0,7484959.0,734104.0
64,CA,2021,12,31,5515613.0,76709.0,5794783.0,100833787.0,76260895.0,66007187.0,32771983.0,26170768.0,8754917.0,430136.0,2039.0,673442.0,8555956.0,1212644.0
65,CO,2020,12,31,335579.0,4879.0,346204.0,3861435.0,277375.0,82694.0,0.0,0.0,0.0,-5180034.0,-71830.0,-5448579.0,-96972352.0,-26170768.0
66,CO,2021,1,31,397138.0,5711.0,402754.0,4747430.0,813400.0,569234.0,0.0,0.0,0.0,61559.0,832.0,56550.0,885995.0,0.0
67,CO,2021,2,28,430970.0,6045.0,431049.0,5425016.0,1700660.0,1371577.0,901484.0,0.0,0.0,33832.0,334.0,28295.0,677586.0,0.0
68,CO,2021,3,31,464782.0,6175.0,462815.0,6112349.0,3330360.0,2691248.0,1720668.0,1008589.0,0.0,33812.0,130.0,31766.0,687333.0,1008589.0
69,CO,2021,4,30,513752.0,6432.0,512543.0,6794096.0,5395910.0,4442828.0,2677574.0,1856500.0,0.0,48970.0,257.0,49728.0,681747.0,847911.0
70,CO,2021,5,31,546168.0,6723.0,544650.0,7379111.0,6773740.0,5613301.0,3121321.0,2611003.0,0.0,32416.0,291.0,32107.0,585015.0,754503.0
71,CO,2021,6,30,560927.0,6947.0,556160.0,7754303.0,7025015.0,6188964.0,3335253.0,2984290.0,0.0,14759.0,224.0,11510.0,375192.0,373287.0
72,CO,2021,7,31,578499.0,7097.0,575740.0,8108496.0,7263485.0,6473244.0,3472145.0,3134331.0,0.0,17572.0,150.0,19580.0,354193.0,150041.0
73,CO,2021,8,31,619083.0,7319.0,621094.0,8688082.0,7830075.0,6823463.0,3649243.0,3278325.0,0.0,40584.0,222.0,45354.0,579586.0,143994.0
74,CO,2021,9,30,674847.0,7731.0,681356.0,9471798.0,8145395.0,7177109.0,3777400.0,3419720.0,0.0,55764.0,412.0,60262.0,783716.0,141395.0
75,CO,2021,10,31,745569.0,8376.0,755670.0,10268191.0,9024035.0,7748753.0,3897674.0,3549708.0,451318.0,70722.0,645.0,74314.0,796393.0,129988.0
76,CO,2021,11,30,834363.0,9383.0,850537.0,11105140.0,10151485.0,8613796.0,4116507.0,3642399.0,1002034.0,88794.0,1007.0,94867.0,836949.0,92691.0
77,CO,2021,12,31,933257.0,10480.0,980360.0,11977026.0,10855475.0,9546052.0,4300086.0,3818578.0,1570580.0,98894.0,1097.0,129823.0,871886.0,176179.0
78,CT,2020,12,31,184884.0,5995.0,290624.0,4420728.0,145150.0,68040.0,0.0,0.0,0.0,-748373.0,-4485.0,-689736.0,-7556298.0,-3818578.0
79,CT,2021,1,31,249199.0,7046.0,368731.0,5458341.0,578600.0,436842.0,0.0,0.0,0.0,64315.0,1051.0,78107.0,1037613.0,0.0
80,CT,2021,2,28,279122.0,7622.0,405604.0,6467048.0,1198495.0,1004467.0,690663.0,0.0,0.0,29923.0,576.0,36873.0,1008707.0,0.0
81,CT,2021,3,31,310064.0,7886.0,438166.0,7398565.0,2426455.0,1954259.0,1262503.0,725544.0,0.0,30942.0,264.0,32562.0,931517.0,725544.0
82,CT,2021,4,30,338409.0,8097.0,466162.0,8285837.0,3875845.0,3220725.0,1952869.0,1372774.0,0.0,28345.0,211.0,27996.0,887272.0,647230.0
83,CT,2021,5,31,346517.0,8238.0,472787.0,8747004.0,4551515.0,4038384.0,2257725.0,1910663.0,0.0,8108.0,141.0,6625.0,461167.0,537889.0
84,CT,2021,6,30,348528.0,8278.0,474366.0,9048287.0,4718695.0,4405405.0,2387807.0,2162465.0,0.0,2011.0,40.0,1579.0,301283.0,251802.0
85,CT,2021,7,31,353511.0,8293.0,479993.0,9310702.0,4940555.0,4592286.0,2491746.0,2256204.0,0.0,4983.0,15.0,5627.0,262415.0,93739.0
86,CT,2021,8,31,372248.0,8358.0,498609.0,9724180.0,5305485.0,4822787.0,2624686.0,2353097.0,0.0,18737.0,65.0,18616.0,413478.0,96893.0
87,CT,2021,9,30,389521.0,8629.0,514971.0,10231878.0,5614115.0,5039727.0,2717597.0,2449489.0,0.0,17273.0,271.0,16362.0,507698.0,96392.0
88,CT,2021,10,31,401759.0,8764.0,530111.0,10849473.0,6211115.0,5401889.0,2817384.0,2519770.0,246340.0,12238.0,135.0,15140.0,617595.0,70281.0
89,CT,2021,11,30,420868.0,8905.0,554233.0,11397159.0,6803905.0,5997289.0,2997942.0,2567127.0,611057.0,19109.0,141.0,24122.0,547686.0,47357.0
90,CT,2021,12,31,509364.0,9160.0,663327.0,12148233.0,7421625.0,6661686.0,3165940.0,2662379.0,1023396.0,88496.0,255.0,109094.0,751074.0,95252.0
91,DC,2020,12,31,28983.0,786.0,41589.0,1025624.0,0.0,0.0,0.0,0.0,0.0,-480381.0,-8374.0,-621738.0,-11122609.0,-2662379.0
92,DC,2021,1,31,36872.0,913.0,52593.0,1247669.0,0.0,0.0,0.0,0.0,0.0,7889.0,127.0,11004.0,222045.0,0.0
93,DC,2021,2,28,40598.0,1017.0,58041.0,1407460.0,0.0,0.0,0.0,0.0,0.0,3726.0,104.0,5448.0,159791.0,0.0
94,DC,2021,3,31,44513.0,1064.0,63058.0,1593864.0,0.0,0.0,0.0,0.0,0.0,3915.0,47.0,5017.0,186404.0,0.0
95,DC,2021,4,30,47697.0,1105.0,67334.0,1768942.0,0.0,0.0,0.0,0.0,0.0,3184.0,41.0,4276.0,175078.0,0.0
96,DC,2021,5,31,48898.0,1132.0,68979.0,1897122.0,0.0,0.0,0.0,0.0,0.0,1201.0,27.0,1645.0,128180.0,0.0
97,DC,2021,6,30,49335.0,1141.0,69539.0,1999375.0,0.0,0.0,0.0,0.0,0.0,437.0,9.0,560.0,102253.0,0.0
98,DC,2021,7,31,50398.0,1149.0,71586.0,2096751.0,0.0,0.0,0.0,0.0,0.0,1063.0,8.0,2047.0,97376.0,0.0
99,DC,2021,8,31,55431.0,1160.0,78923.0,2283577.0,0.0,0.0,0.0,0.0,0.0,5033.0,11.0,7337.0,186826.0,0.0
100,DC,2021,9,30,61153.0,1174.0,87914.0,2612954.0,0.0,0.0,0.0,0.0,0.0,5722.0,14.0,8991.0,329377.0,0.0
101,DC,2021,10,31,64240.0,1190.0,92903.0,2957049.0,0.0,0.0,0.0,0.0,0.0,3087.0,16.0,4989.0,344095.0,0.0
102,DC,2021,11,30,66912.0,1196.0,96906.0,3250528.0,0.0,0.0,0.0,0.0,0.0,2672.0,6.0,4003.0,293479.0,0.0
103,DC,2021,12,31,94286.0,1211.0,152942.0,3650171.0,0.0,0.0,0.0,0.0,0.0,27374.0,15.0,56036.0,399643.0,0.0
104,DE,2020,12,31,57456.0,926.0,71088.0,1090439.0,50775.0,9584.0,0.0,0.0,0.0,-36830.0,-285.0,-81854.0,-2559732.0,0.0
105,DE,2021,1,31,78071.0,1090.0,95222.0,1353759.0,143775.0,99954.0,0.0,0.0,0.0,20615.0,164.0,24134.0,263320.0,0.0
106,DE,2021,2,28,86799.0,1422.0,104826.0,1526712.0,291815.0,219312.0,144139.0,0.0,0.0,8728.0,332.0,9604.0,172953.0,0.0
107,DE,2021,3,31,94802.0,1559.0,112683.0,1706167.0,592965.0,463476.0,302043.0,159773.0,0.0,8003.0,137.0,7857.0,179455.0,159773.0
108,DE,2021,4,30,104405.0,1625.0,122196.0,1870286.0,976405.0,759503.0,454621.0,316204.0,0.0,9603.0,66.0,9513.0,164119.0,156431.0
109,DE,2021,5,31,108866.0,1661.0,125840.0,1982352.0,1225135.0,941707.0,533291.0,422071.0,0.0,4461.0,36.0,3644.0,112066.0,105867.0
110,DE,2021,6,30,109744.0,1694.0,126718.0,2052236.0,1277375.0,1039175.0,565910.0,487131.0,0.0,878.0,33.0,878.0,69884.0,65060.0
111,DE,2021,7,31,111407.0,1833.0,128574.0,2115381.0,1339435.0,1090237.0,591094.0,513528.0,0.0,1663.0,139.0,1856.0,63145.0,26397.0
112,DE,2021,8,31,119852.0,1880.0,137566.0,2237426.0,1457035.0,1152144.0,624092.0,538656.0,0.0,8445.0,47.0,8992.0,122045.0,25128.0
113,DE,2021,9,30,132963.0,1954.0,151700.0,2407713.0,1556725.0,1202549.0,645849.0,561269.0,0.0,13111.0,74.0,14134.0,170287.0,22613.0
114,DE,2021,10,31,144198.0,2091.0,163681.0,2576729.0,1708865.0,1290723.0,670446.0,581584.0,51034.0,11235.0,137.0,11981.0,169016.0,20315.0
115,DE,2021,11,30,153190.0,2178.0,174691.0,2732028.0,1859875.0,1446819.0,711525.0,599832.0,140818.0,8992.0,87.0,11010.0,155299.0,18248.0
116,DE,2021,12,31,180366.0,2286.0,210323.0,2942569.0,1976495.0,1587750.0,747929.0,625661.0,216993.0,27176.0,108.0,35632.0,210541.0,25829.0
117,FL,2020,12,31,1319437.0,21672.0,1750486.0,15508485.0,889875.0,213031.0,0.0,0.0,0.0,1139071.0,19386.0,1540163.0,12565916.0,-625661.0
118,FL,2021,1,31,1717499.0,26478.0,2155889.0,18438752.0,3396350.0,1959626.0,0.0,0.0,0.0,398062.0,4806.0,405403.0,2930267.0,0.0
119,FL,2021,2,28,1905343.0,30851.0,2363854.0,20697157.0,6313355.0,5044420.0,3163425.0,0.0,0.0,187844.0,4373.0,207965.0,2258405.0,0.0
120,FL,2021,3,31,2053857.0,33424.0,2540646.0,22964433.0,13153105.0,9563326.0,6005354.0,3384591.0,0.0,148514.0,2573.0,176792.0,2267276.0,3384591.0
121,FL,2021,4,30,2229640.0,35160.0,2735083.0,25103254.0,20748875.0,15159919.0,8939454.0,6224705.0,0.0,175783.0,1736.0,194437.0,2138821.0,2840114.0
122,FL,2021,5,31,2316940.0,36773.0,2836627.0,26866938.0,23702095.0,18821195.0,10588627.0,8414427.0,0.0,87300.0,1613.0,101544.0,1763684.0,2189722.0
123,FL,2021,6,30,2325614.0,37877.0,2895628.0,28275156.0,24920045.0,21063050.0,11520560.0,9842541.0,0.0,8674.0,1104.0,59001.0,1408218.0,1428114.0
124,FL,2021,7,31,2586829.0,39079.0,3209346.0,30107761.0,26352985.0,22548575.0,12392995.0,10497212.0,0.0,261215.0,1202.0,313718.0,1832605.0,654671.0
125,FL,2021,8,31,3246584.0,44561.0,3912015.0,33252290.0,30261905.0,24897414.0,13705058.0,11383472.0,0.0,659755.0,5482.0,702669.0,3144529.0,886260.0
126,FL,2021,9,30,3566882.0,55009.0,4229179.0,35879180.0,32885835.0,26780337.0,14377111.0,12301042.0,0.0,320298.0,10448.0,317164.0,2626890.0,917570.0
127,FL,2021,10,31,3645073.0,59670.0,4325014.0,37895690.0,35515625.0,28594539.0,14846690.0,12832435.0,1294228.0,78191.0,4661.0,95835.0,2016510.0,531393.0
128,FL,2021,11,30,3687550.0,61548.0,4374570.0,39652824.0,38559025.0,30948643.0,15422450.0,13184332.0,2655035.0,42477.0,1878.0,49556.0,1757134.0,351897.0
129,FL,2021,12,31,4162522.0,62504.0,5040925.0,42533833.0,40637295.0,33736822.0,16024367.0,13620163.0,4315710.0,474972.0,956.0,666355.0,2881009.0,435831.0
130,GA,2020,12,31,644065.0,10588.0,562077.0,4795217.0,407425.0,75157.0,0.0,0.0,0.0,-3518457.0,-51916.0,-4478848.0,-37738616.0,-13620163.0
131,GA,2021,1,31,885249.0,13778.0,704524.0,5553898.0,1449800.0,906186.0,0.0,0.0,0.0,241184.0,3190.0,142447.0,758681.0,0.0
132,GA,2021,2,28,981844.0,16757.0,765408.0,6186164.0,2881145.0,2072451.0,1259837.0,0.0,0.0,96595.0,2979.0,60884.0,632266.0,0.0
133,GA,2021,3,31,1035186.0,18473.0,796405.0,6725518.0,5777435.0,3855859.0,2515040.0,1301323.0,0.0,53342.0,1716.0,30997.0,539354.0,1301323.0
134,GA,2021,4,30,1075835.0,19564.0,822160.0,7177703.0,9368775.0,6306091.0,3709017.0,2591190.0,0.0,40649.0,1091.0,25755.0,452185.0,1289867.0
135,GA,2021,5,31,1099169.0,20180.0,837221.0,7576029.0,10750095.0,7561722.0,4214135.0,3380780.0,0.0,23334.0,616.0,15061.0,398326.0,789590.0
136,GA,2021,6,30,1110094.0,20729.0,843656.0,7912292.0,11184635.0,8422803.0,4598121.0,3884556.0,0.0,10925.0,549.0,6435.0,336263.0,503776.0
137,GA,2021,7,31,1153494.0,20978.0,882000.0,8311055.0,11795685.0,8941174.0,4911568.0,4104779.0,0.0,43400.0,249.0,38344.0,398763.0,220223.0
138,GA,2021,8,31,1372605.0,22007.0,1076660.0,9214494.0,13206095.0,9718567.0,5400175.0,4376696.0,0.0,219111.0,1029.0,194660.0,903439.0,271917.0
139,GA,2021,9,30,1544381.0,25224.0,1209662.0,10112668.0,14475205.0,10673110.0,5828605.0,4823331.0,0.0,171776.0,3217.0,133002.0,898174.0,446635.0
140,GA,2021,10,31,1598021.0,28038.0,1247986.0,10772158.0,15815485.0,11481688.0,6041368.0,5116398.0,427719.0,53640.0,2814.0,38324.0,659490.0,293067.0
141,GA,2021,11,30,1629989.0,29387.0,1270397.0,11367295.0,17344405.0,12365170.0,6270058.0,5269572.0,939937.0,31968.0,1349.0,22411.0,595137.0,153174.0
142,GA,2021,12,31,1798497.0,30283.0,1480424.0,12115873.0,18321585.0,13372602.0,6515061.0,5430775.0,1529709.0,168508.0,896.0,210027.0,748578.0,161203.0
143,HI,2020,12,31,21459.0,286.0,25390.0,766830.0,0.0,0.0,0.0,0.0,0.0,-1777038.0,-29997.0,-1455034.0,-11349043.0,-5430775.0
144,HI,2021,1,31,25786.0,407.0,29833.0,909409.0,0.0,0.0,0.0,0.0,0.0,4327.0,121.0,4443.0,142579.0,0.0
145,HI,2021,2,28,27473.0,436.0,32033.0,1050727.0,0.0,0.0,0.0,0.0,0.0,1687.0,29.0,2200.0,141318.0,0.0
146,HI,2021,3,31,29779.0,460.0,34647.0,1212049.0,0.0,0.0,0.0,0.0,0.0,2306.0,24.0,2614.0,161322.0,0.0
147,HI,2021,4,30,32767.0,480.0,37556.0,1372056.0,0.0,0.0,0.0,0.0,0.0,2988.0,20.0,2909.0,160007.0,0.0
148,HI,2021,5,31,35035.0,497.0,39946.0,1538377.0,0.0,0.0,0.0,0.0,0.0,2268.0,17.0,2390.0,166321.0,0.0
149,HI,2021,6,30,36391.0,514.0,41578.0,1662029.0,0.0,0.0,0.0,0.0,0.0,1356.0,17.0,1632.0,123652.0,0.0
150,HI,2021,7,31,40643.0,534.0,47233.0,1783229.0,0.0,0.0,0.0,0.0,0.0,4252.0,20.0,5655.0,121200.0,0.0
151,HI,2021,8,31,61353.0,586.0,70453.0,2044667.0,0.0,0.0,0.0,0.0,0.0,20710.0,52.0,23220.0,261438.0,0.0
152,HI,2021,9,30,76784.0,779.0,86435.0,2277492.0,0.0,0.0,0.0,0.0,0.0,15431.0,193.0,15982.0,232825.0,0.0
153,HI,2021,10,31,81586.0,913.0,90512.0,2421291.0,0.0,0.0,0.0,0.0,0.0,4802.0,134.0,4077.0,143799.0,0.0
154,HI,2021,11,30,84760.0,1015.0,92952.0,2566457.0,0.0,0.0,0.0,0.0,0.0,3174.0,102.0,2440.0,145166.0,0.0
155,HI,2021,12,31,109576.0,1087.0,108519.0,2705097.0,0.0,0.0,0.0,0.0,0.0,24816.0,72.0,15567.0,138640.0,0.0
156,IA,2020,12,31,281712.0,3891.0,292017.0,2172605.0,132850.0,45589.0,0.0,0.0,0.0,172136.0,2804.0,183498.0,-532492.0,0.0
157,IA,2021,1,31,319408.0,4901.0,323428.0,2427873.0,417900.0,252202.0,0.0,0.0,0.0,37696.0,1010.0,31411.0,255268.0,0.0
158,IA,2021,2,28,336455.0,5470.0,338253.0,2623817.0,901745.0,713054.0,534690.0,0.0,0.0,17047.0,569.0,14825.0,195944.0,0.0
159,IA,2021,3,31,351402.0,5743.0,351243.0,2834416.0,1816015.0,1539664.0,970567.0,610099.0,0.0,14947.0,273.0,12990.0,210599.0,610099.0
160,IA,2021,4,30,364841.0,5950.0,363567.0,3023946.0,2801085.0,2378407.0,1389825.0,1066664.0,0.0,13439.0,207.0,12324.0,189530.0,456565.0
161,IA,2021,5,31,371424.0,6055.0,369713.0,3167624.0,3326855.0,2846992.0,1554536.0,1383130.0,0.0,6583.0,105.0,6146.0,143678.0,316466.0
162,IA,2021,6,30,373861.0,6138.0,372488.0,3266445.0,3453335.0,3035131.0,1621227.0,1513342.0,0.0,2437.0,83.0,2775.0,98821.0,130212.0
163,IA,2021,7,31,379797.0,6183.0,381855.0,3363216.0,3595355.0,3141289.0,1681029.0,1565884.0,0.0,5936.0,45.0,9367.0,96771.0,52542.0
164,IA,2021,8,31,404747.0,6268.0,412914.0,3559023.0,3863075.0,3305699.0,1775951.0,1632205.0,0.0,24950.0,85.0,31059.0,195807.0,66321.0
165,IA,2021,9,30,452057.0,6563.0,454074.0,3841185.0,4223075.0,3452574.0,1832730.0,1702842.0,0.0,47310.0,295.0,41160.0,282162.0,70637.0
166,IA,2021,10,31,486132.0,6965.0,483354.0,4062437.0,4714875.0,3730566.0,1881585.0,1752576.0,217218.0,34075.0,402.0,29280.0,221252.0,49734.0
167,IA,2021,11,30,525458.0,7354.0,522222.0,4298740.0,5293655.0,4200551.0,1975709.0,1790001.0,544522.0,39326.0,389.0,38868.0,236303.0,37425.0
168,IA,2021,12,31,575501.0,7858.0,569875.0,4565996.0,5660075.0,4636337.0,2050210.0,1862192.0,831819.0,50043.0,504.0,47653.0,267256.0,72191.0
169,ID,2020,12,31,0.0,1438.0,184046.0,832553.0,0.0,0.0,0.0,0.0,0.0,-575501.0,-6420.0,-385829.0,-3733443.0,-1862192.0
170,ID,2021,1,31,0.0,1727.0,205887.0,968739.0,0.0,0.0,0.0,0.0,0.0,0.0,289.0,21841.0,136186.0,0.0
171,ID,2021,2,28,0.0,1862.0,213867.0,1077671.0,0.0,0.0,0.0,0.0,0.0,0.0,135.0,7980.0,108932.0,0.0
172,ID,2021,3,31,0.0,1965.0,221066.0,1194618.0,0.0,0.0,0.0,0.0,0.0,0.0,103.0,7199.0,116947.0,0.0
173,ID,2021,4,30,0.0,2048.0,225960.0,1294125.0,0.0,0.0,0.0,0.0,0.0,0.0,83.0,4894.0,99507.0,0.0
174,ID,2021,5,31,0.0,2092.0,229557.0,1369902.0,0.0,0.0,0.0,0.0,0.0,0.0,44.0,3597.0,75777.0,0.0
175,ID,2021,6,30,0.0,2154.0,232646.0,1436179.0,0.0,0.0,0.0,0.0,0.0,0.0,62.0,3089.0,66277.0,0.0
176,ID,2021,7,31,0.0,2199.0,240411.0,1505840.0,0.0,0.0,0.0,0.0,0.0,0.0,45.0,7765.0,69661.0,0.0
177,ID,2021,8,31,0.0,2364.0,274260.0,1637559.0,0.0,0.0,0.0,0.0,0.0,0.0,165.0,33849.0,131719.0,0.0
178,ID,2021,9,30,0.0,2908.0,339397.0,1822891.0,0.0,0.0,0.0,0.0,0.0,0.0,544.0,65137.0,185332.0,0.0
179,ID,2021,10,31,0.0,3539.0,381186.0,1989120.0,0.0,0.0,0.0,0.0,0.0,0.0,631.0,41789.0,166229.0,0.0
180,ID,2021,11,30,0.0,3930.0,399967.0,2133624.0,0.0,0.0,0.0,0.0,0.0,0.0,391.0,18781.0,144504.0,0.0
181,ID,2021,12,31,0.0,4163.0,419688.0,2264981.0,0.0,0.0,0.0,0.0,0.0,0.0,233.0,19721.0,131357.0,0.0
182,IL,2020,12,31,965840.0,17979.0,1006109.0,10601479.0,478975.0,148860.0,0.0,0.0,0.0,965840.0,13816.0,586421.0,8336498.0,0.0
183,IL,2021,1,31,1128505.0,21242.0,1140657.0,12491218.0,1696575.0,1011454.0,0.0,0.0,0.0,162665.0,3263.0,134548.0,1889739.0,0.0
184,IL,2021,2,28,1189922.0,22735.0,1192902.0,14068200.0,3575135.0,2824209.0,2004662.0,0.0,0.0,61417.0,1493.0,52245.0,1576982.0,0.0
185,IL,2021,3,31,1248133.0,23579.0,1243249.0,15826651.0,7493325.0,5932882.0,3930026.0,2089452.0,0.0,58211.0,844.0,50347.0,1758451.0,2089452.0
186,IL,2021,4,30,1338687.0,24291.0,1324592.0,17628259.0,12065595.0,9445420.0,5883255.0,3855677.0,0.0,90554.0,712.0,81343.0,1801608.0,1766225.0
187,IL,2021,5,31,1386189.0,25223.0,1364771.0,19069980.0,14140165.0,11679098.0,6973555.0,5079997.0,0.0,47502.0,932.0,40179.0,1441721.0,1224320.0
188,IL,2021,6,30,1395863.0,25674.0,1374368.0,20055841.0,14656855.0,12971273.0,7528743.0,5849947.0,0.0,9674.0,451.0,9597.0,985861.0,769950.0
189,IL,2021,7,31,1423574.0,25916.0,1403064.0,20892972.0,15445035.0,13637169.0,7900903.0,6151554.0,0.0,27711.0,242.0,28696.0,837131.0,301607.0
190,IL,2021,8,31,1527348.0,26500.0,1492292.0,22393012.0,16779635.0,14635816.0,8358927.0,6489267.0,0.0,103774.0,584.0,89228.0,1500040.0,337713.0
191,IL,2021,9,30,1632653.0,27665.0,1581937.0,24819563.0,17846765.0,15320266.0,8671706.0,6780671.0,0.0,105305.0,1165.0,89645.0,2426551.0,291404.0
192,IL,2021,10,31,1700907.0,28620.0,1643534.0,27392222.0,19514815.0,16217117.0,8314126.0,7656805.0,798750.0,68254.0,955.0,61597.0,2572659.0,876134.0
193,IL,2021,11,30,1815121.0,29376.0,1754518.0,30083474.0,21492285.0,17923603.0,8799259.0,7821119.0,1896513.0,114214.0,756.0,110984.0,2691252.0,164314.0
194,IL,2021,12,31,2154058.0,31017.0,2126911.0,33328605.0,23227295.0,19838586.0,9149557.0,8133101.0,3156920.0,338937.0,1641.0,372393.0,3245131.0,311982.0
195,IN,2020,12,31,514059.0,8263.0,639272.0,5067209.0,353025.0,74351.0,0.0,0.0,0.0,-1639999.0,-22754.0,-1487639.0,-28261396.0,-8133101.0
196,IN,2021,1,31,629397.0,9974.0,736110.0,5738224.0,931500.0,607185.0,0.0,0.0,0.0,115338.0,1711.0,96838.0,671015.0,0.0
197,IN,2021,2,28,664484.0,12573.0,766075.0,6329372.0,1848620.0,1590344.0,1004776.0,0.0,0.0,35087.0,2599.0,29965.0,591148.0,0.0
198,IN,2021,3,31,689389.0,13039.0,788332.0,6916753.0,3532620.0,2787166.0,1701299.0,1123914.0,0.0,24905.0,466.0,22257.0,587381.0,1123914.0
199,IN,2021,4,30,723345.0,13332.0,816134.0,7412807.0,5479210.0,4144890.0,2423986.0,1804874.0,0.0,33956.0,293.0,27802.0,496054.0,680960.0
200,IN,2021,5,31,746636.0,13620.0,836995.0,7781131.0,6437880.0,5112710.0,2816254.0,2388827.0,0.0,23291.0,288.0,20861.0,368324.0,583953.0
201,IN,2021,6,30,756883.0,13850.0,843794.0,7999132.0,6681520.0,5587519.0,2999366.0,2686766.0,0.0,10247.0,230.0,6799.0,218001.0,297939.0
202,IN,2021,7,31,774266.0,14005.0,859870.0,8202580.0,7037140.0,6072817.0,3180668.0,2977432.0,0.0,17383.0,155.0,16076.0,203448.0,290666.0
203,IN,2021,8,31,861541.0,14491.0,945681.0,8764486.0,7671610.0,6419371.0,3376339.0,3116407.0,0.0,87275.0,486.0,85811.0,561906.0,138975.0
204,IN,2021,9,30,965803.0,15658.0,1045189.0,9410267.0,8278420.0,6746850.0,3516361.0,3256806.0,0.0,104262.0,1167.0,99508.0,645781.0,140399.0
205,IN,2021,10,31,1021806.0,16683.0,1099644.0,9887697.0,9124410.0,7245521.0,3620048.0,3357431.0,377050.0,56003.0,1025.0,54455.0,477430.0,100625.0
206,IN,2021,11,30,1104408.0,17557.0,1169947.0,10340931.0,10114580.0,7753762.0,3748072.0,3405083.0,715662.0,82602.0,874.0,70303.0,453234.0,47652.0
207,IN,2021,12,31,1250169.0,19037.0,1313787.0,10933548.0,11048730.0,8541494.0,3904600.0,3504367.0,1246826.0,145761.0,1480.0,143840.0,592617.0,99284.0
208,KS,2020,12,31,225455.0,2741.0,225417.0,1731745.0,141950.0,13708.0,0.0,0.0,0.0,-1024714.0,-16296.0,-1088370.0,-9201803.0,-3504367.0
209,KS,2021,1,31,277633.0,3779.0,266939.0,2099507.0,413350.0,221469.0,0.0,0.0,0.0,52178.0,1038.0,41522.0,367762.0,0.0
210,KS,2021,2,28,296798.0,4735.0,280562.0,2331645.0,867585.0,609765.0,430237.0,0.0,0.0,19165.0,956.0,13623.0,232138.0,0.0
211,KS,2021,3,31,304657.0,4913.0,286667.0,2506021.0,1787305.0,1290992.0,873196.0,491016.0,0.0,7859.0,178.0,6105.0,174376.0,491016.0
212,KS,2021,4,30,311213.0,5025.0,292822.0,2658940.0,2749525.0,2015317.0,1238463.0,916534.0,0.0,6556.0,112.0,6155.0,152919.0,425518.0
213,KS,2021,5,31,315860.0,5114.0,296806.0,2771400.0,2982945.0,2327157.0,1364521.0,1120082.0,0.0,4647.0,89.0,3984.0,112460.0,203548.0
214,KS,2021,6,30,319584.0,5188.0,300017.0,2848969.0,3077435.0,2484177.0,1431086.0,1220611.0,0.0,3724.0,74.0,3211.0,77569.0,100529.0
215,KS,2021,7,31,334159.0,5294.0,315394.0,2985679.0,3248875.0,2702724.0,1553668.0,1317263.0,0.0,14575.0,106.0,15377.0,136710.0,96652.0
216,KS,2021,8,31,370128.0,5589.0,349240.0,3243612.0,3569815.0,2912590.0,1669999.0,1405739.0,0.0,35969.0,295.0,33846.0,257933.0,88476.0
217,KS,2021,9,30,410041.0,6079.0,381037.0,3538656.0,3860775.0,3085006.0,1745045.0,1490136.0,0.0,39913.0,490.0,31797.0,295044.0,84397.0
218,KS,2021,10,31,435701.0,6438.0,400368.0,3743173.0,4258815.0,3348974.0,1822866.0,1550938.0,156635.0,25660.0,359.0,19331.0,204517.0,60802.0
219,KS,2021,11,30,466340.0,6717.0,422982.0,3933443.0,4796995.0,3698563.0,1929195.0,1592112.0,355717.0,30639.0,279.0,22614.0,190270.0,41174.0
220,KS,2021,12,31,520500.0,7030.0,469998.0,4179656.0,5195855.0,4086291.0,2022600.0,1663055.0,561807.0,54160.0,313.0,47016.0,246213.0,70943.0
221,KY,2020,12,31,268328.0,2956.0,342456.0,2379481.0,174750.0,52296.0,0.0,0.0,0.0,-252172.0,-4074.0,-127542.0,-1800175.0,-1663055.0
222,KY,2021,1,31,366357.0,3977.0,428623.0,2803991.0,650150.0,404705.0,0.0,0.0,0.0,98029.0,1021.0,86167.0,424510.0,0.0
223,KY,2021,2,28,407892.0,4786.0,458221.0,3083592.0,1317325.0,1020045.0,696591.0,0.0,0.0,41535.0,809.0,29598.0,279601.0,0.0
224,KY,2021,3,31,429616.0,6151.0,475186.0,3453552.0,2572045.0,2100387.0,1386294.0,775208.0,0.0,21724.0,1365.0,16965.0,369960.0,775208.0
225,KY,2021,4,30,446973.0,6620.0,486449.0,3746319.0,3930655.0,3142500.0,1834755.0,1420964.0,0.0,17357.0,469.0,11263.0,292767.0,645756.0
226,KY,2021,5,31,459560.0,6938.0,496479.0,4001058.0,4318535.0,3650993.0,2075111.0,1719535.0,0.0,12587.0,318.0,10030.0,254739.0,298571.0
227,KY,2021,6,30,465442.0,7267.0,501307.0,4179955.0,4456455.0,3994259.0,2209793.0,1942407.0,0.0,5882.0,329.0,4828.0,178897.0,222872.0
228,KY,2021,7,31,483219.0,7378.0,518282.0,4382345.0,4706145.0,4194567.0,2326881.0,2035457.0,0.0,17777.0,111.0,16975.0,202390.0,93050.0
229,KY,2021,8,31,579193.0,7826.0,602100.0,4863109.0,5195315.0,4554273.0,2548422.0,2167598.0,0.0,95974.0,448.0,83818.0,480764.0,132141.0
230,KY,2021,9,30,696361.0,8858.0,700906.0,5464462.0,5742555.0,4930548.0,2712122.0,2337940.0,0.0,117168.0,1032.0,98806.0,601353.0,170342.0
231,KY,2021,10,31,748382.0,9854.0,737046.0,5878655.0,6388275.0,4914845.0,2569056.0,2265793.0,265817.0,52021.0,996.0,36140.0,414193.0,-72147.0
232,KY,2021,11,30,790108.0,11038.0,770033.0,6251112.0,7050425.0,5416861.0,2691894.0,2328897.0,572632.0,41726.0,1184.0,32987.0,372457.0,63104.0
233,KY,2021,12,31,864099.0,12149.0,842182.0,6710891.0,7447805.0,5904238.0,2794360.0,2424784.0,863745.0,73991.0,1111.0,72149.0,459779.0,95887.0
234,LA,2020,12,31,315275.0,7488.0,413346.0,4146486.0,187350.0,44351.0,0.0,0.0,0.0,-548824.0,-4661.0,-428836.0,-2564405.0,-2424784.0
235,LA,2021,1,31,400626.0,8859.0,476937.0,4712615.0,648925.0,443715.0,0.0,0.0,0.0,85351.0,1371.0,63591.0,566129.0,0.0
236,LA,2021,2,28,430100.0,9608.0,496828.0,5143651.0,1331680.0,1056975.0,664121.0,0.0,0.0,29474.0,749.0,19891.0,431036.0,0.0
237,LA,2021,3,31,444933.0,10141.0,508691.0,5584176.0,2719670.0,1963625.0,1219539.0,758829.0,0.0,14833.0,533.0,11863.0,440525.0,758829.0
238,LA,2021,4,30,458581.0,10382.0,517525.0,5893968.0,3668620.0,2708891.0,1498488.0,1237494.0,0.0,13648.0,241.0,8834.0,309792.0,478665.0
239,LA,2021,5,31,470685.0,10576.0,526645.0,6150843.0,3902740.0,3082449.0,1661375.0,1451257.0,0.0,12104.0,194.0,9120.0,256875.0,213763.0
240,LA,2021,6,30,481467.0,10738.0,534229.0,6377007.0,4053370.0,3339493.0,1770559.0,1607808.0,0.0,10782.0,162.0,7584.0,226164.0,156551.0
241,LA,2021,7,31,541679.0,10999.0,582844.0,6705623.0,4362920.0,3646097.0,1973114.0,1716556.0,0.0,60212.0,261.0,48615.0,328616.0,108748.0
242,LA,2021,8,31,679796.0,12359.0,667726.0,7206915.0,5387580.0,4194618.0,2299546.0,1926190.0,0.0,138117.0,1360.0,84882.0,501292.0,209634.0
243,LA,2021,9,30,740533.0,13949.0,695326.0,7576928.0,5798840.0,4518953.0,2405098.0,2111741.0,0.0,60737.0,1590.0,27600.0,370013.0,185551.0
244,LA,2021,10,31,758471.0,14547.0,704556.0,7905348.0,6230460.0,4883767.0,2505901.0,2218162.0,240919.0,17938.0,598.0,9230.0,328420.0,106421.0
245,LA,2021,11,30,770894.0,14801.0,710685.0,8196955.0,6666280.0,5216884.0,2583849.0,2272670.0,444062.0,12423.0,254.0,6129.0,291607.0,54508.0
246,LA,2021,12,31,828695.0,14986.0,758198.0,8507527.0,6872750.0,5651941.0,2672643.0,2339252.0,722832.0,57801.0,185.0,47513.0,310572.0,66582.0
247,MA,2020,12,31,375178.0,12423.0,449820.0,10674902.0,339350.0,76211.0,0.0,0.0,0.0,-453517.0,-2563.0,-308378.0,2167375.0,-2339252.0
248,MA,2021,1,31,524025.0,14577.0,605515.0,13206101.0,1060900.0,579181.0,0.0,0.0,0.0,148847.0,2154.0,155695.0,2531199.0,0.0
249,MA,2021,2,28,581148.0,16118.0,663612.0,15585375.0,2091730.0,1735916.0,1220455.0,0.0,0.0,57123.0,1541.0,58097.0,2379274.0,0.0
250,MA,2021,3,31,635580.0,17185.0,721693.0,18215027.0,4270280.0,3611067.0,2362261.0,1307031.0,0.0,54432.0,1067.0,58081.0,2629652.0,1307031.0
251,MA,2021,4,30,688973.0,17610.0,772201.0,20524279.0,7304740.0,6174851.0,3858300.0,2506657.0,0.0,53393.0,425.0,50508.0,2309252.0,1199626.0
252,MA,2021,5,31,706945.0,17872.0,789685.0,22007795.0,9309200.0,8046706.0,4577593.0,3699440.0,0.0,17972.0,262.0,17484.0,1483516.0,1192783.0
253,MA,2021,6,30,709966.0,17994.0,793443.0,22844650.0,9744840.0,8836836.0,4850685.0,4243952.0,0.0,3021.0,122.0,3758.0,836855.0,544512.0
254,MA,2021,7,31,719780.0,18082.0,806784.0,23699083.0,10011300.0,9143308.0,5007226.0,4406452.0,0.0,9814.0,88.0,13341.0,854433.0,162500.0
255,MA,2021,8,31,759869.0,18246.0,849257.0,25145921.0,10462360.0,9472140.0,5191538.0,4546662.0,0.0,40089.0,164.0,42473.0,1446838.0,140210.0
256,MA,2021,9,30,811951.0,18627.0,898601.0,27382588.0,10912750.0,9798631.0,5337723.0,4679810.0,0.0,52082.0,381.0,49344.0,2236667.0,133148.0
257,MA,2021,10,31,851922.0,18996.0,942295.0,29787504.0,12061860.0,10464368.0,5531884.0,4803060.0,452925.0,39971.0,369.0,43694.0,2404916.0,123250.0
258,MA,2021,11,30,919097.0,19404.0,1012088.0,32014150.0,13368740.0,11610003.0,5912695.0,4906398.0,1124014.0,67175.0,408.0,69793.0,2226646.0,103338.0
259,MA,2021,12,31,1140614.0,20273.0,1232761.0,34369661.0,14678160.0,13029285.0,6260640.0,5145662.0,1989542.0,221517.0,869.0,220673.0,2355511.0,239264.0
260,MD,2020,12,31,276834.0,5895.0,543606.0,5640936.0,260400.0,50312.0,0.0,0.0,0.0,-863780.0,-14378.0,-689155.0,-28728725.0,-5145662.0
261,MD,2021,1,31,354649.0,7127.0,717456.0,6858223.0,884650.0,505454.0,0.0,0.0,0.0,77815.0,1232.0,173850.0,1217287.0,0.0
262,MD,2021,2,28,382281.0,7869.0,780855.0,7747799.0,1837445.0,1325977.0,884208.0,0.0,0.0,27632.0,742.0,63399.0,889576.0,0.0
263,MD,2021,3,31,411529.0,8286.0,846691.0,8644809.0,3573500.0,2809466.0,1884069.0,1039090.0,0.0,29248.0,417.0,65836.0,897010.0,1039090.0
264,MD,2021,4,30,447590.0,8744.0,926597.0,9560548.0,6023530.0,4805115.0,2933421.0,2065479.0,0.0,36061.0,458.0,79906.0,915739.0,1026389.0
265,MD,2021,5,31,460106.0,9614.0,953839.0,10236005.0,7936880.0,6141079.0,3472598.0,2902602.0,0.0,12516.0,870.0,27242.0,675457.0,837123.0
266,MD,2021,6,30,462496.0,9741.0,959250.0,10703058.0,8451560.0,6876449.0,3743499.0,3385600.0,0.0,2390.0,127.0,5411.0,467053.0,482998.0
267,MD,2021,7,31,468767.0,9825.0,973658.0,11149734.0,8793230.0,7213539.0,3914288.0,3559190.0,0.0,6271.0,84.0,14408.0,446676.0,173590.0
268,MD,2021,8,31,497225.0,10014.0,1038183.0,11896990.0,9322080.0,7597489.0,4121914.0,3717170.0,0.0,28458.0,189.0,64525.0,747256.0,157980.0
269,MD,2021,9,30,532570.0,10442.0,1112589.0,12819204.0,9992590.0,7969400.0,4271866.0,3876526.0,0.0,35345.0,428.0,74406.0,922214.0,159356.0
270,MD,2021,10,31,561501.0,10895.0,1177389.0,13886412.0,10957720.0,8551141.0,4414175.0,4000814.0,406068.0,28931.0,453.0,64800.0,1067208.0,124288.0
271,MD,2021,11,30,586376.0,11206.0,1232739.0,14833519.0,12166700.0,9457903.0,4651829.0,4084425.0,987923.0,24875.0,311.0,55350.0,947107.0,83611.0
272,MD,2021,12,31,700789.0,11758.0,1437184.0,15996208.0,13283750.0,10468179.0,4872277.0,4260165.0,1618895.0,114413.0,552.0,204445.0,1162689.0,175740.0
273,ME,2020,12,31,24201.0,347.0,27907.0,1081486.0,65750.0,23345.0,0.0,0.0,0.0,-676588.0,-11411.0,-1409277.0,-14914722.0,-4260165.0
274,ME,2021,1,31,39324.0,590.0,40596.0,1348933.0,212125.0,140353.0,0.0,0.0,0.0,15123.0,243.0,12689.0,267447.0,0.0
275,ME,2021,2,28,44634.0,703.0,44755.0,1582467.0,416090.0,332999.0,227707.0,0.0,0.0,5310.0,113.0,4159.0,233534.0,0.0
276,ME,2021,3,31,50504.0,743.0,49822.0,1827066.0,826370.0,697663.0,461705.0,264659.0,0.0,5870.0,40.0,5067.0,244599.0,264659.0
277,ME,2021,4,30,61213.0,784.0,58339.0,2093330.0,1367680.0,1183324.0,734290.0,528743.0,0.0,10709.0,41.0,8517.0,266264.0,264084.0
278,ME,2021,5,31,67780.0,825.0,62207.0,2252992.0,1790020.0,1480965.0,848935.0,731719.0,0.0,6567.0,41.0,3868.0,159662.0,202976.0
279,ME,2021,6,30,69033.0,858.0,63136.0,2327232.0,1852110.0,1604932.0,891207.0,819500.0,0.0,1253.0,33.0,929.0,74240.0,87781.0
280,ME,2021,7,31,70463.0,900.0,64134.0,2389105.0,1925110.0,1666488.0,919882.0,853795.0,0.0,1430.0,42.0,998.0,61873.0,34295.0
281,ME,2021,8,31,75856.0,932.0,69849.0,2495057.0,2027230.0,1743118.0,962221.0,885005.0,0.0,5393.0,32.0,5715.0,105952.0,31210.0
282,ME,2021,9,30,89989.0,1022.0,77421.0,2650772.0,2133430.0,1824230.0,996340.0,921333.0,0.0,14133.0,90.0,7572.0,155715.0,36328.0
283,ME,2021,10,31,104259.0,1167.0,88078.0,2820657.0,2383090.0,1970022.0,1030878.0,948503.0,102214.0,14270.0,145.0,10657.0,169885.0,27170.0
284,ME,2021,11,30,119662.0,1324.0,109270.0,3003575.0,2665000.0,2235211.0,1102535.0,971808.0,272903.0,15403.0,157.0,21192.0,182918.0,23305.0
285,ME,2021,12,31,146736.0,1531.0,140115.0,3213519.0,2909310.0,2517173.0,1156210.0,1020289.0,454073.0,27074.0,207.0,30845.0,209944.0,48481.0
286,MI,2020,12,31,526668.0,13010.0,648047.0,7874716.0,411275.0,68398.0,0.0,0.0,0.0,379932.0,11479.0,507932.0,4661197.0,-1020289.0
287,MI,2021,1,31,607901.0,15516.0,728474.0,9003203.0,1362600.0,977030.0,0.0,0.0,0.0,81233.0,2506.0,80427.0,1128487.0,0.0
288,MI,2021,2,28,644564.0,16498.0,761790.0,9917633.0,2704700.0,2318415.0,1491316.0,0.0,0.0,36663.0,982.0,33316.0,914430.0,0.0
289,MI,2021,3,31,744823.0,17112.0,850643.0,10957502.0,5889820.0,4419793.0,2858070.0,1693046.0,0.0,100259.0,614.0,88853.0,1039869.0,1693046.0
290,MI,2021,4,30,934576.0,18743.0,1029228.0,12129644.0,9418050.0,7118239.0,4253463.0,3180171.0,0.0,189753.0,1631.0,178585.0,1172142.0,1487125.0
291,MI,2021,5,31,990199.0,20361.0,1081439.0,12919819.0,11229100.0,8687320.0,4866912.0,4203643.0,0.0,55623.0,1618.0,52211.0,790175.0,1023472.0
292,MI,2021,6,30,998606.0,20984.0,1089137.0,13418285.0,11589010.0,9424037.0,5136486.0,4701047.0,0.0,8407.0,623.0,7698.0,498466.0,497404.0
293,MI,2021,7,31,1009611.0,21173.0,1101853.0,13775481.0,12036590.0,9798817.0,5305202.0,4878436.0,0.0,11005.0,189.0,12716.0,357196.0,177389.0
294,MI,2021,8,31,1058765.0,21535.0,1153020.0,14365699.0,12871020.0,10187046.0,5516637.0,5043602.0,0.0,49154.0,362.0,51167.0,590218.0,165166.0
295,MI,2021,9,30,1148303.0,22337.0,1247954.0,15379151.0,13528820.0,10627069.0,5691822.0,5221120.0,0.0,89538.0,802.0,94934.0,1013452.0,177518.0
296,MI,2021,10,31,1272713.0,23638.0,1380975.0,16562236.0,14782960.0,11517164.0,5819440.0,5346511.0,692798.0,124410.0,1301.0,133021.0,1183085.0,125391.0
297,MI,2021,11,30,1472288.0,25369.0,1604566.0,17772745.0,16473840.0,12750259.0,6115092.0,5451997.0,1535341.0,199575.0,1731.0,223591.0,1210509.0,105486.0
298,MI,2021,12,31,1706355.0,28984.0,1895914.0,18959313.0,18014150.0,14017702.0,6345853.0,5679382.0,2378596.0,234067.0,3615.0,291348.0,1186568.0,227385.0
299,MN,2020,12,31,415361.0,5382.0,624936.0,6176389.0,251650.0,61399.0,0.0,0.0,0.0,-1290994.0,-23602.0,-1270978.0,-12782924.0,-5679382.0
300,MN,2021,1,31,461875.0,6268.0,688193.0,7394294.0,837550.0,518744.0,0.0,0.0,0.0,46514.0,886.0,63257.0,1217905.0,0.0
301,MN,2021,2,28,484662.0,6551.0,721123.0,8381525.0,1599790.0,1393985.0,941537.0,0.0,0.0,22787.0,283.0,32930.0,987231.0,0.0
302,MN,2021,3,31,519607.0,6926.0,773005.0,9447877.0,3203000.0,2751928.0,1774794.0,1060778.0,0.0,34945.0,375.0,51882.0,1066352.0,1060778.0
303,MN,2021,4,30,575905.0,7237.0,852910.0,10574829.0,4972860.0,4354128.0,2646741.0,1926862.0,0.0,56298.0,311.0,79905.0,1126952.0,866084.0
304,MN,2021,5,31,601477.0,7519.0,888224.0,11376420.0,6290840.0,5420670.0,3069865.0,2601745.0,0.0,25572.0,282.0,35314.0,801591.0,674883.0
305,MN,2021,6,30,605458.0,7687.0,894880.0,11833404.0,6522150.0,5867176.0,3212409.0,2920597.0,0.0,3981.0,168.0,6656.0,456984.0,318852.0
306,MN,2021,7,31,612794.0,7761.0,911057.0,12337892.0,6729030.0,6082721.0,3320251.0,3033637.0,0.0,7336.0,74.0,16177.0,504488.0,113040.0
307,MN,2021,8,31,650057.0,7904.0,970627.0,13212964.0,7310020.0,6378868.0,3484576.0,3151965.0,0.0,37263.0,143.0,59570.0,875072.0,118328.0
308,MN,2021,9,30,711197.0,8256.0,1056667.0,14269732.0,7771100.0,6665091.0,3582858.0,3280065.0,0.0,61140.0,352.0,86040.0,1056768.0,128100.0
309,MN,2021,10,31,787674.0,8793.0,1170115.0,15391655.0,8656090.0,7237372.0,3677877.0,3378302.0,463742.0,76477.0,537.0,113448.0,1121923.0,98237.0
310,MN,2021,11,30,912494.0,9506.0,1328982.0,16559816.0,9858500.0,8249174.0,3893070.0,3523534.0,1104132.0,124820.0,713.0,158867.0,1168161.0,145232.0
311,MN,2021,12,31,1022352.0,10656.0,1490174.0,17759863.0,10837320.0,9163154.0,4033195.0,3694139.0,1716678.0,109858.0,1150.0,161192.0,1200047.0,170605.0
312,MO,2020,12,31,418637.0,5887.0,507378.0,3524901.0,287600.0,79047.0,0.0,0.0,0.0,-603715.0,-4769.0,-982796.0,-14234962.0,-3694139.0
313,MO,2021,1,31,499530.0,7176.0,587428.0,4118527.0,835400.0,444384.0,0.0,0.0,0.0,80893.0,1289.0,80050.0,593626.0,0.0
314,MO,2021,2,28,524600.0,8382.0,609448.0,4491511.0,1694635.0,1279404.0,807368.0,0.0,0.0,25070.0,1206.0,22020.0,372984.0,0.0
315,MO,2021,3,31,588900.0,8977.0,625400.0,4872786.0,3502935.0,2524827.0,1568169.0,924402.0,0.0,64300.0,595.0,15952.0,381275.0,924402.0
316,MO,2021,4,30,600910.0,9243.0,641800.0,5207761.0,5325495.0,3985417.0,2310678.0,1680768.0,0.0,12010.0,266.0,16400.0,334975.0,756366.0
317,MO,2021,5,31,615408.0,9676.0,654142.0,5495412.0,5910925.0,4679514.0,2591892.0,2110866.0,0.0,14498.0,433.0,12342.0,287651.0,430098.0
318,MO,2021,6,30,634733.0,9919.0,672905.0,5750425.0,6119775.0,5111580.0,2754863.0,2397550.0,0.0,19325.0,243.0,18763.0,255013.0,286684.0
319,MO,2021,7,31,695726.0,10310.0,737363.0,6147374.0,6567235.0,5483549.0,3002816.0,2541006.0,0.0,60993.0,391.0,64458.0,396949.0,143456.0
320,MO,2021,8,31,774864.0,11271.0,824841.0,6719276.0,7319555.0,5946002.0,3232987.0,2765619.0,0.0,79138.0,961.0,87478.0,571902.0,224613.0
321,MO,2021,9,30,837141.0,12192.0,893314.0,7352034.0,7807865.0,6304426.0,3366091.0,2941505.0,0.0,62277.0,921.0,68473.0,632758.0,175886.0
322,MO,2021,10,31,872395.0,12777.0,924667.0,7769476.0,8510365.0,6819845.0,3494342.0,3057925.0,347494.0,35254.0,585.0,31353.0,417442.0,116420.0
323,MO,2021,11,30,922361.0,15533.0,976869.0,8289767.0,9291315.0,7400218.0,3665290.0,3126000.0,683962.0,49966.0,2756.0,52202.0,520291.0,68075.0
324,MO,2021,12,31,1023310.0,16223.0,1110141.0,8983876.0,9891155.0,8110555.0,3832397.0,3258052.0,1100585.0,100949.0,690.0,133272.0,694109.0,132052.0
325,MP,2020,12,31,122.0,2.0,294.0,26796.0,6250.0,2709.0,0.0,0.0,0.0,-1023188.0,-16221.0,-1109847.0,-8957080.0,-3258052.0
326,MP,2021,1,31,131.0,2.0,331.0,29452.0,18650.0,10050.0,0.0,0.0,0.0,9.0,0.0,37.0,2656.0,0.0
327,MP,2021,2,28,143.0,2.0,360.0,31669.0,29650.0,18363.0,10707.0,0.0,0.0,12.0,0.0,29.0,2217.0,0.0
328,MP,2021,3,31,159.0,2.0,403.0,35906.0,61310.0,28566.0,16550.0,12035.0,0.0,16.0,0.0,43.0,4237.0,12035.0
329,MP,2021,4,30,164.0,2.0,421.0,40247.0,62910.0,40089.0,22090.0,18043.0,0.0,5.0,0.0,18.0,4341.0,6008.0
330,MP,2021,5,31,183.0,2.0,467.0,45929.0,72330.0,48584.0,26167.0,22705.0,0.0,19.0,0.0,46.0,5682.0,4662.0
331,MP,2021,6,30,183.0,2.0,470.0,49372.0,72330.0,55616.0,29529.0,26530.0,0.0,0.0,0.0,3.0,3443.0,3825.0
332,MP,2021,7,31,196.0,2.0,488.0,52389.0,76830.0,61153.0,32340.0,29385.0,0.0,13.0,0.0,18.0,3017.0,2855.0
333,MP,2021,8,31,241.0,2.0,538.0,54108.0,79080.0,66868.0,34989.0,32459.0,0.0,45.0,0.0,50.0,1719.0,3074.0
334,MP,2021,9,30,269.0,2.0,572.0,55461.0,86200.0,69991.0,35741.0,34110.0,0.0,28.0,0.0,34.0,1353.0,1651.0
335,MP,2021,10,31,312.0,3.0,628.0,56826.0,87480.0,72736.0,36406.0,34846.0,2377.0,43.0,1.0,56.0,1365.0,736.0
336,MP,2021,11,30,855.0,3.0,1149.0,57931.0,100350.0,82172.0,39962.0,35779.0,7448.0,543.0,0.0,521.0,1105.0,933.0
337,MP,2021,12,31,3255.0,13.0,0.0,0.0,113330.0,95793.0,43360.0,39878.0,13714.0,2400.0,10.0,-1149.0,-57931.0,4099.0
338,MS,2020,12,31,215811.0,4787.0,119620.0,860711.0,110750.0,16950.0,0.0,0.0,0.0,212556.0,4774.0,119620.0,860711.0,-39878.0
339,MS,2021,1,31,275001.0,6045.0,139589.0,980666.0,425000.0,236401.0,0.0,0.0,0.0,59190.0,1258.0,19969.0,119955.0,0.0
340,MS,2021,2,28,294795.0,6681.0,151855.0,1093953.0,869955.0,619251.0,413930.0,0.0,0.0,19794.0,636.0,12266.0,113287.0,0.0
341,MS,2021,3,31,305146.0,7032.0,154923.0,1160648.0,1698485.0,1158505.0,734671.0,450944.0,0.0,10351.0,351.0,3068.0,66695.0,450944.0
342,MS,2021,4,30,311900.0,7199.0,156732.0,1205148.0,2433685.0,1591206.0,925448.0,707684.0,0.0,6754.0,167.0,1809.0,44500.0,256740.0
343,MS,2021,5,31,317713.0,7316.0,158384.0,1248916.0,2596955.0,1769523.0,1010848.0,807490.0,0.0,5813.0,117.0,1652.0,43768.0,99806.0
344,MS,2021,6,30,321764.0,7412.0,159782.0,1290196.0,2660215.0,1909507.0,1077045.0,885782.0,0.0,4051.0,96.0,1398.0,41280.0,78292.0
345,MS,2021,7,31,343505.0,7543.0,172067.0,1353188.0,2866005.0,2150026.0,1183439.0,1026837.0,0.0,21741.0,131.0,12285.0,62992.0,141055.0
346,MS,2021,8,31,436722.0,8409.0,214394.0,1508948.0,3495695.0,2447529.0,1378791.0,1123181.0,0.0,93217.0,866.0,42327.0,155760.0,96344.0
347,MS,2021,9,30,488394.0,9600.0,235019.0,1625679.0,3810595.0,2783784.0,1493169.0,1294972.0,0.0,51672.0,1191.0,20625.0,116731.0,171791.0
348,MS,2021,10,31,504318.0,10075.0,241551.0,1712515.0,4112335.0,2978090.0,1548748.0,1359519.0,121745.0,15924.0,475.0,6532.0,86836.0,64547.0
349,MS,2021,11,30,514171.0,10285.0,247168.0,1792131.0,4457415.0,3179628.0,1598535.0,1395862.0,239894.0,9853.0,210.0,5617.0,79616.0,36343.0
350,MS,2021,12,31,543737.0,10450.0,284337.0,1912294.0,4583575.0,3388292.0,1645916.0,1430624.0,354935.0,29566.0,165.0,37169.0,120163.0,34762.0
351,MT,2020,12,31,81701.0,962.0,113381.0,651228.0,46150.0,17511.0,0.0,0.0,0.0,-462036.0,-9488.0,-170956.0,-1261066.0,-1430624.0
352,MT,2021,1,31,93961.0,1234.0,127173.0,771221.0,141650.0,104525.0,0.0,0.0,0.0,12260.0,272.0,13792.0,119993.0,0.0
353,MT,2021,2,28,99999.0,1358.0,132974.0,857688.0,341645.0,281422.0,188782.0,0.0,0.0,6038.0,124.0,5801.0,86467.0,0.0
354,MT,2021,3,31,104677.0,1437.0,136896.0,948178.0,677495.0,522897.0,327448.0,205138.0,0.0,4678.0,79.0,3922.0,90490.0,205138.0
355,MT,2021,4,30,108931.0,1572.0,140276.0,1017796.0,988645.0,758111.0,435149.0,342212.0,0.0,4254.0,135.0,3380.0,69618.0,137074.0
356,MT,2021,5,31,111928.0,1613.0,143127.0,1067197.0,1085415.0,867123.0,483457.0,409140.0,0.0,2997.0,41.0,2851.0,49401.0,66928.0
357,MT,2021,6,30,113862.0,1665.0,144915.0,1107626.0,1109635.0,940056.0,510201.0,458067.0,0.0,1934.0,52.0,1788.0,40429.0,48927.0
358,MT,2021,7,31,116480.0,1704.0,147918.0,1149645.0,1137635.0,973506.0,528786.0,473831.0,0.0,2618.0,39.0,3003.0,42019.0,15764.0
359,MT,2021,8,31,127248.0,1800.0,158376.0,1226387.0,1254345.0,1022081.0,558019.0,491634.0,0.0,10768.0,96.0,10458.0,76742.0,17803.0
360,MT,2021,9,30,151184.0,2009.0,178979.0,1338327.0,1335065.0,1089630.0,585489.0,518303.0,0.0,23936.0,209.0,20603.0,111940.0,26669.0
361,MT,2021,10,31,176040.0,2346.0,197988.0,1435680.0,1489065.0,1191797.0,608160.0,539588.0,74245.0,24856.0,337.0,19009.0,97353.0,21285.0
362,MT,2021,11,30,191222.0,2672.0,206867.0,1508027.0,1645705.0,1324087.0,638911.0,554307.0,160998.0,15182.0,326.0,8879.0,72347.0,14719.0
363,MT,2021,12,31,197784.0,2907.0,212407.0,1570261.0,1727015.0,1444277.0,663349.0,577404.0,229841.0,6562.0,235.0,5540.0,62234.0,23097.0
364,NC,2020,12,31,536526.0,6811.0,597071.0,5970975.0,0.0,0.0,0.0,0.0,0.0,338742.0,3904.0,384664.0,4400714.0,-577404.0
365,NC,2021,1,31,753614.0,9381.0,795137.0,7361755.0,0.0,0.0,0.0,0.0,0.0,217088.0,2570.0,198066.0,1390780.0,0.0
366,NC,2021,2,28,854983.0,11241.0,873452.0,8403794.0,0.0,0.0,0.0,0.0,0.0,101369.0,1860.0,78315.0,1042039.0,0.0
367,NC,2021,3,31,910912.0,12137.0,919049.0,9270342.0,0.0,0.0,0.0,0.0,0.0,55929.0,896.0,45597.0,866548.0,0.0
368,NC,2021,4,30,966055.0,12676.0,967461.0,10023125.0,0.0,0.0,0.0,0.0,0.0,55143.0,539.0,48412.0,752783.0,0.0
369,NC,2021,5,31,997349.0,13101.0,993808.0,10601400.0,0.0,0.0,0.0,0.0,0.0,31294.0,425.0,26347.0,578275.0,0.0
370,NC,2021,6,30,1010138.0,13450.0,1004681.0,11037182.0,0.0,0.0,0.0,0.0,0.0,12789.0,349.0,10873.0,435782.0,0.0
371,NC,2021,7,31,1044744.0,13651.0,1048372.0,11547868.0,0.0,0.0,0.0,0.0,0.0,34606.0,201.0,43691.0,510686.0,0.0
372,NC,2021,8,31,1210911.0,14485.0,1222475.0,12692488.0,0.0,0.0,0.0,0.0,0.0,166167.0,834.0,174103.0,1144620.0,0.0
373,NC,2021,9,30,1392985.0,16541.0,1396270.0,14146474.0,0.0,0.0,0.0,0.0,0.0,182074.0,2056.0,173795.0,1453986.0,0.0
374,NC,2021,10,31,1475124.0,18068.0,1466747.0,15189668.0,0.0,0.0,0.0,0.0,0.0,82139.0,1527.0,70477.0,1043194.0,0.0
375,NC,2021,11,30,1531840.0,18760.0,1518772.0,16033006.0,0.0,0.0,0.0,0.0,0.0,56716.0,692.0,52025.0,843338.0,0.0
376,NC,2021,12,31,1680960.0,19436.0,1686317.0,17146447.0,0.0,0.0,0.0,0.0,0.0,149120.0,676.0,167545.0,1113441.0,0.0
377,ND,2020,12,31,92502.0,1299.0,89457.0,1175456.0,35450.0,15958.0,0.0,0.0,0.0,-1588458.0,-18137.0,-1596860.0,-15970991.0,0.0
378,ND,2021,1,31,97655.0,1447.0,92464.0,1275181.0,108050.0,97915.0,0.0,0.0,0.0,5153.0,148.0,3007.0,99725.0,0.0
379,ND,2021,2,28,99839.0,1475.0,94041.0,1356734.0,246570.0,234209.0,147054.0,0.0,0.0,2184.0,28.0,1577.0,81553.0,0.0
380,ND,2021,3,31,103123.0,1498.0,95979.0,1433091.0,464690.0,413386.0,246500.0,154549.0,0.0,3284.0,23.0,1938.0,76357.0,154549.0
381,ND,2021,4,30,107504.0,1523.0,98310.0,1497908.0,643330.0,562151.0,298958.0,249623.0,0.0,4381.0,25.0,2331.0,64817.0,95074.0
382,ND,2021,5,31,109975.0,1543.0,99556.0,1540803.0,688750.0,614543.0,321746.0,278948.0,0.0,2471.0,20.0,1246.0,42895.0,29325.0
383,ND,2021,6,30,110738.0,1559.0,99984.0,1566472.0,718310.0,641906.0,334131.0,295725.0,0.0,763.0,16.0,428.0,25669.0,16777.0
384,ND,2021,7,31,111675.0,1570.0,100447.0,1584987.0,738260.0,663565.0,346776.0,305794.0,0.0,937.0,11.0,463.0,18515.0,10069.0
385,ND,2021,8,31,117529.0,1592.0,104260.0,1633505.0,845400.0,697759.0,367567.0,317655.0,0.0,5854.0,22.0,3813.0,48518.0,11861.0
386,ND,2021,9,30,132192.0,1645.0,113389.0,1722063.0,921580.0,742416.0,388512.0,336457.0,0.0,14663.0,53.0,9129.0,88558.0,18802.0
387,ND,2021,10,31,148430.0,1798.0,122594.0,1807218.0,1027300.0,803404.0,406081.0,349780.0,41517.0,16238.0,153.0,9205.0,85155.0,13323.0
388,ND,2021,11,30,162332.0,1930.0,130814.0,1884315.0,1147730.0,896193.0,441631.0,371573.0,98389.0,13902.0,132.0,8220.0,77097.0,21793.0
389,ND,2021,12,31,174220.0,2057.0,137465.0,1953692.0,1190100.0,1016026.0,474912.0,401076.0,146574.0,11888.0,127.0,6651.0,69377.0,29503.0
390,NE,2020,12,31,167795.0,1690.0,202911.0,1226056.0,105900.0,27487.0,0.0,0.0,0.0,-6425.0,-367.0,65446.0,-727636.0,-401076.0
391,NE,2021,1,31,191763.0,2025.0,229010.0,1382400.0,288375.0,177711.0,0.0,0.0,0.0,23968.0,335.0,26099.0,156344.0,0.0
392,NE,2021,2,28,201298.0,2199.0,237845.0,1518348.0,603210.0,474439.0,309977.0,0.0,0.0,9535.0,174.0,8835.0,135948.0,0.0
393,NE,2021,3,31,209602.0,2282.0,246337.0,1630681.0,1152650.0,940837.0,595579.0,361958.0,0.0,8304.0,83.0,8492.0,112333.0,361958.0
394,NE,2021,4,30,219826.0,2366.0,254648.0,1730242.0,1782480.0,1412904.0,833481.0,626635.0,0.0,10224.0,84.0,8311.0,99561.0,264677.0
395,NE,2021,5,31,223676.0,2495.0,257966.0,1788067.0,2007060.0,1694344.0,933142.0,815245.0,0.0,3850.0,129.0,3318.0,57825.0,188610.0
396,NE,2021,6,30,224753.0,2520.0,259772.0,1824722.0,2088750.0,1865625.0,1001013.0,922579.0,0.0,1077.0,25.0,1806.0,36655.0,107334.0
397,NE,2021,7,31,228450.0,2550.0,265009.0,1862403.0,2180670.0,1941405.0,1042509.0,957498.0,0.0,3697.0,30.0,5237.0,37681.0,34919.0
398,NE,2021,8,31,244254.0,2590.0,278027.0,1970448.0,2351770.0,2065945.0,1111851.0,1006914.0,0.0,15804.0,40.0,13018.0,108045.0,49416.0
399,NE,2021,9,30,266449.0,2832.0,290805.0,2055812.0,2541330.0,2169872.0,1149181.0,1057562.0,0.0,22195.0,242.0,12778.0,85364.0,50648.0
400,NE,2021,10,31,283813.0,2975.0,297765.0,2107782.0,2832860.0,2336339.0,1179830.0,1087821.0,123456.0,17364.0,143.0,6960.0,51970.0,30259.0
401,NE,2021,11,30,309828.0,3155.0,307043.0,2158223.0,3135320.0,2597241.0,1240506.0,1110485.0,298081.0,26015.0,180.0,9278.0,50441.0,22664.0
402,NE,2021,12,31,338257.0,3336.0,320932.0,2223082.0,3417630.0,2857010.0,1284316.0,1157828.0,464203.0,28429.0,181.0,13889.0,64859.0,47343.0
403,NH,2020,12,31,44028.0,759.0,41020.0,1008620.0,0.0,0.0,0.0,0.0,0.0,-294229.0,-2577.0,-279912.0,-1214462.0,-1157828.0
404,NH,2021,1,31,65695.0,1057.0,56139.0,1235072.0,0.0,0.0,0.0,0.0,0.0,21667.0,298.0,15119.0,226452.0,0.0
405,NH,2021,2,28,75424.0,1170.0,63476.0,1432318.0,0.0,0.0,0.0,0.0,0.0,9729.0,113.0,7337.0,197246.0,0.0
406,NH,2021,3,31,84176.0,1238.0,70544.0,1637579.0,0.0,0.0,0.0,0.0,0.0,8752.0,68.0,7068.0,205261.0,0.0
407,NH,2021,4,30,94886.0,1303.0,78626.0,1844056.0,0.0,0.0,0.0,0.0,0.0,10710.0,65.0,8082.0,206477.0,0.0
408,NH,2021,5,31,98726.0,1353.0,81843.0,1976108.0,0.0,0.0,0.0,0.0,0.0,3840.0,50.0,3217.0,132052.0,0.0
409,NH,2021,6,30,99504.0,1372.0,82699.0,2051394.0,0.0,0.0,0.0,0.0,0.0,778.0,19.0,856.0,75286.0,0.0
410,NH,2021,7,31,100657.0,1387.0,84171.0,2119499.0,0.0,0.0,0.0,0.0,0.0,1153.0,15.0,1472.0,68105.0,0.0
411,NH,2021,8,31,107689.0,1417.0,90122.0,2231830.0,0.0,0.0,0.0,0.0,0.0,7032.0,30.0,5951.0,112331.0,0.0
412,NH,2021,9,30,120268.0,1481.0,100125.0,2422505.0,0.0,0.0,0.0,0.0,0.0,12579.0,64.0,10003.0,190675.0,0.0
413,NH,2021,10,31,134517.0,1565.0,114639.0,2644886.0,0.0,0.0,0.0,0.0,0.0,14249.0,84.0,14514.0,222381.0,0.0
414,NH,2021,11,30,161244.0,1716.0,139110.0,2869795.0,0.0,0.0,0.0,0.0,0.0,26727.0,151.0,24471.0,224909.0,0.0
415,NH,2021,12,31,198667.0,1961.0,173187.0,3084753.0,0.0,0.0,0.0,0.0,0.0,37423.0,245.0,34077.0,214958.0,0.0
416,NJ,2020,12,31,479381.0,19042.0,461326.0,6934307.0,403975.0,78838.0,0.0,0.0,0.0,280714.0,17081.0,288139.0,3849554.0,0.0
417,NJ,2021,1,31,696831.0,21484.0,633229.0,8366005.0,1232525.0,795440.0,0.0,0.0,0.0,217450.0,2442.0,171903.0,1431698.0,0.0
418,NJ,2021,2,28,789354.0,23252.0,734852.0,9527176.0,2508320.0,2065666.0,1423424.0,0.0,0.0,92523.0,1768.0,101623.0,1161171.0,0.0
419,NJ,2021,3,31,908812.0,24528.0,870332.0,10896916.0,5236605.0,4381035.0,2951563.0,1659604.0,0.0,119458.0,1276.0,135480.0,1369740.0,1659604.0
420,NJ,2021,4,30,997222.0,25554.0,977983.0,12145236.0,8623605.0,7302231.0,4582214.0,3202180.0,0.0,88410.0,1026.0,107651.0,1248320.0,1542576.0
421,NJ,2021,5,31,1016332.0,26212.0,1005373.0,13067798.0,10967005.0,9110414.0,5363925.0,4336841.0,0.0,19110.0,658.0,27390.0,922562.0,1134661.0
422,NJ,2021,6,30,1023395.0,26452.0,1014207.0,13799055.0,11548765.0,9841494.0,5580572.0,4897515.0,0.0,7063.0,240.0,8834.0,731257.0,560674.0
423,NJ,2021,7,31,1039353.0,26602.0,1035688.0,14516771.0,12103035.0,10380457.0,5862753.0,5187136.0,0.0,15958.0,150.0,21481.0,717716.0,289621.0
424,NJ,2021,8,31,1091966.0,26882.0,1090693.0,15452975.0,13072255.0,11005081.0,6211130.0,5457911.0,0.0,52613.0,280.0,55005.0,936204.0,270775.0
425,NJ,2021,9,30,1154570.0,27427.0,1157608.0,16645869.0,14000545.0,11535180.0,6440347.0,5713118.0,0.0,62604.0,545.0,66915.0,1192894.0,255207.0
426,NJ,2021,10,31,1198917.0,27972.0,1204878.0,17807996.0,15176475.0,12334361.0,6670955.0,5897400.0,547647.0,44347.0,545.0,47270.0,1162127.0,184282.0
427,NJ,2021,11,30,1252705.0,28390.0,1265195.0,18929683.0,17008125.0,13498900.0,7028706.0,6023574.0,1229336.0,53788.0,418.0,60317.0,1121687.0,126174.0
428,NJ,2021,12,31,1564253.0,29037.0,1624638.0,20419097.0,18675625.0,14997030.0,7449359.0,6267956.0,2144959.0,311548.0,647.0,359443.0,1489414.0,244382.0
429,NM,2020,12,31,142897.0,2479.0,172270.0,1635127.0,88700.0,30528.0,0.0,0.0,0.0,-1421356.0,-26558.0,-1452368.0,-18783970.0,-6267956.0
430,NM,2021,1,31,174064.0,3285.0,257685.0,1928379.0,317900.0,264147.0,0.0,0.0,0.0,31167.0,806.0,85415.0,293252.0,0.0
431,NM,2021,2,28,185132.0,3716.0,286377.0,2147413.0,738705.0,705538.0,467493.0,0.0,0.0,11068.0,431.0,28692.0,219034.0,0.0
432,NM,2021,3,31,191652.0,3939.0,302883.0,2347198.0,1442775.0,1258002.0,797952.0,493018.0,0.0,6520.0,223.0,16506.0,199785.0,493018.0
433,NM,2021,4,30,197733.0,4069.0,318336.0,2530998.0,2056105.0,1794170.0,1066741.0,779361.0,0.0,6081.0,130.0,15453.0,183800.0,286343.0
434,NM,2021,5,31,202821.0,4265.0,330452.0,2682425.0,2275605.0,2151860.0,1212713.0,1004336.0,0.0,5088.0,196.0,12116.0,151427.0,224975.0
435,NM,2021,6,30,205542.0,4342.0,336008.0,2790009.0,2366635.0,2380294.0,1318661.0,1142420.0,0.0,2721.0,77.0,5556.0,107584.0,138084.0
436,NM,2021,7,31,210416.0,4412.0,345735.0,2888306.0,2449685.0,2487536.0,1374231.0,1198386.0,0.0,4874.0,70.0,9727.0,98297.0,55966.0
437,NM,2021,8,31,232614.0,4520.0,385688.0,3100816.0,2699065.0,2642572.0,1465483.0,1257905.0,0.0,22198.0,108.0,39953.0,212510.0,59519.0
438,NM,2021,9,30,253024.0,4803.0,426110.0,3338363.0,2941875.0,2786048.0,1522096.0,1324646.0,0.0,20410.0,283.0,40422.0,237547.0,66741.0
439,NM,2021,10,31,275209.0,5051.0,478789.0,3555399.0,3259655.0,2829415.0,1513789.0,1302961.0,167610.0,22185.0,248.0,52679.0,217036.0,-21685.0
440,NM,2021,11,30,314264.0,5369.0,556555.0,3795916.0,3618895.0,3125326.0,1605513.0,1331844.0,356620.0,39055.0,318.0,77766.0,240517.0,28883.0
441,NM,2021,12,31,350043.0,5857.0,621431.0,4046720.0,3788325.0,3453488.0,1695938.0,1391188.0,546676.0,35779.0,488.0,64876.0,250804.0,59344.0
442,NV,2020,12,31,225165.0,3136.0,323649.0,1941931.0,115275.0,25645.0,0.0,0.0,0.0,-124878.0,-2721.0,-297782.0,-2104789.0,-1391188.0
443,NV,2021,1,31,278447.0,4271.0,393172.0,2238856.0,368800.0,241078.0,0.0,0.0,0.0,53282.0,1135.0,69523.0,296925.0,0.0
444,NV,2021,2,28,293815.0,4957.0,414681.0,2439130.0,867240.0,685692.0,447761.0,0.0,0.0,15368.0,686.0,21509.0,200274.0,0.0
445,NV,2021,3,31,303799.0,5249.0,427318.0,2652193.0,1704450.0,1348526.0,853774.0,492187.0,0.0,9984.0,292.0,12637.0,213063.0,492187.0
446,NV,2021,4,30,315438.0,5464.0,442354.0,2838591.0,2519320.0,2051105.0,1219581.0,857021.0,0.0,11639.0,215.0,15036.0,186398.0,364834.0
447,NV,2021,5,31,323748.0,5586.0,448629.0,2979355.0,2898670.0,2510235.0,1405096.0,1137530.0,0.0,8310.0,122.0,6275.0,140764.0,280509.0
448,NV,2021,6,30,333712.0,5681.0,455900.0,3084064.0,3076270.0,2776098.0,1529482.0,1291822.0,0.0,9964.0,95.0,7271.0,104709.0,154292.0
449,NV,2021,7,31,356401.0,5912.0,481352.0,3216769.0,3315390.0,2965093.0,1652020.0,1367562.0,0.0,22689.0,231.0,25452.0,132705.0,75740.0
450,NV,2021,8,31,390600.0,6510.0,521017.0,3442517.0,3709740.0,3206423.0,1786070.0,1473532.0,0.0,34199.0,598.0,39665.0,225748.0,105970.0
451,NV,2021,9,30,421319.0,7150.0,552203.0,3676435.0,3991900.0,3397599.0,1871575.0,1563310.0,0.0,30719.0,640.0,31186.0,233918.0,89778.0
452,NV,2021,10,31,449322.0,7631.0,577177.0,3915353.0,4370460.0,3648724.0,1952924.0,1632008.0,138697.0,28003.0,481.0,24974.0,238918.0,68698.0
453,NV,2021,11,30,470641.0,8017.0,602858.0,4141701.0,4774470.0,3963229.0,2046546.0,1678794.0,309364.0,21319.0,386.0,25681.0,226348.0,46786.0
454,NV,2021,12,31,501181.0,8420.0,651470.0,4392645.0,5096750.0,4328364.0,2145217.0,1740780.0,511655.0,30540.0,403.0,48612.0,250944.0,61986.0
455,NY,2020,12,31,979040.0,37557.0,1176474.0,22410123.0,842025.0,198125.0,0.0,0.0,0.0,477859.0,29137.0,525004.0,18017478.0,-1740780.0
456,NY,2021,1,31,1420164.0,43178.0,1630750.0,27082243.0,2932775.0,1875462.0,0.0,0.0,0.0,441124.0,5621.0,454276.0,4672120.0,0.0
457,NY,2021,2,28,1644124.0,47143.0,1873854.0,30858420.0,5757205.0,4225250.0,2691322.0,0.0,0.0,223960.0,3965.0,243104.0,3776177.0,0.0
458,NY,2021,3,31,1871595.0,49790.0,2124858.0,35326607.0,11913695.0,9261975.0,6051597.0,3285602.0,0.0,227471.0,2647.0,251004.0,4468187.0,3285602.0
459,NY,2021,4,30,2046322.0,51728.0,2311517.0,39623124.0,18743625.0,15636609.0,9258652.0,6721308.0,0.0,174727.0,1938.0,186659.0,4296517.0,3435706.0
460,NY,2021,5,31,2100633.0,52758.0,2372404.0,42991814.0,22652975.0,19672244.0,10856651.0,9121213.0,0.0,54311.0,1030.0,60887.0,3368690.0,2399905.0
461,NY,2021,6,30,2113147.0,53095.0,2387968.0,45356519.0,23946375.0,21790497.0,11669506.0,10508196.0,0.0,12514.0,337.0,15564.0,2364705.0,1386983.0
462,NY,2021,7,31,2148445.0,53266.0,2427543.0,47331566.0,25122005.0,22950250.0,12271911.0,11109858.0,0.0,35298.0,171.0,39575.0,1975047.0,601662.0
463,NY,2021,8,31,2276228.0,53847.0,2562505.0,50461277.0,27434895.0,24370206.0,13107270.0,11696867.0,0.0,127783.0,581.0,134962.0,3129711.0,587009.0
464,NY,2021,9,30,2424535.0,54933.0,2714916.0,54568735.0,29461905.0,25924474.0,13881981.0,12402027.0,0.0,148307.0,1086.0,152411.0,4107458.0,705160.0
465,NY,2021,10,31,2557930.0,55995.0,2844126.0,59011900.0,32217445.0,27632406.0,14464775.0,12978653.0,761161.0,133395.0,1062.0,129210.0,4443165.0,576626.0
466,NY,2021,11,30,2728612.0,57049.0,3014286.0,63020675.0,35666865.0,29921538.0,15220070.0,13324752.0,1997033.0,170682.0,1054.0,170160.0,4008775.0,346099.0
467,NY,2021,12,31,3473970.0,58993.0,3867728.0,68374344.0,39071535.0,34401675.0,16388632.0,13979833.0,4626125.0,745358.0,1944.0,853442.0,5353669.0,655081.0
468,OH,2020,12,31,700380.0,8962.0,670139.0,7113072.0,466500.0,94126.0,0.0,0.0,0.0,-2773590.0,-50031.0,-3197589.0,-61261272.0,-13979833.0
469,OH,2021,1,31,895792.0,11178.0,812957.0,8313247.0,1553900.0,954013.0,0.0,0.0,0.0,195412.0,2216.0,142818.0,1200175.0,0.0
470,OH,2021,2,28,967422.0,17299.0,859737.0,9198939.0,3301865.0,2599806.0,1686825.0,0.0,0.0,71630.0,6121.0,46780.0,885692.0,0.0
471,OH,2021,3,31,1017566.0,18609.0,892767.0,10142457.0,6921325.0,5295592.0,3399897.0,1970300.0,0.0,50144.0,1310.0,33030.0,943518.0,1970300.0
472,OH,2021,4,30,1072312.0,19284.0,933164.0,11087810.0,10538425.0,8366253.0,4720523.0,3769101.0,0.0,54746.0,675.0,40397.0,945353.0,1798801.0
473,OH,2021,5,31,1101934.0,19861.0,957641.0,11772998.0,11962165.0,9907511.0,5364025.0,4704437.0,0.0,29622.0,577.0,24477.0,685188.0,935336.0
474,OH,2021,6,30,1111324.0,20309.0,964915.0,12251242.0,12390715.0,10684968.0,5635230.0,5227519.0,0.0,9390.0,448.0,7274.0,478244.0,523082.0
475,OH,2021,7,31,1129277.0,20492.0,980322.0,12685081.0,12858835.0,11086847.0,5828437.0,5437218.0,0.0,17953.0,183.0,15407.0,433839.0,209699.0
476,OH,2021,8,31,1220900.0,20866.0,1071352.0,13521521.0,13995685.0,11631364.0,6133397.0,5657888.0,0.0,91623.0,374.0,91030.0,836440.0,220670.0
477,OH,2021,9,30,1413972.0,21945.0,1242911.0,14635995.0,14916455.0,12089450.0,6340058.0,5870552.0,0.0,193072.0,1079.0,171559.0,1114474.0,212664.0
478,OH,2021,10,31,1545327.0,24527.0,1345283.0,15506587.0,16544075.0,13051101.0,6529841.0,6063992.0,691284.0,131355.0,2582.0,102372.0,870592.0,193440.0
479,OH,2021,11,30,1690217.0,26587.0,1463030.0,16297300.0,18234375.0,14419053.0,6824256.0,6200220.0,1626563.0,144890.0,2060.0,117747.0,790713.0,136228.0
480,OH,2021,12,31,2016095.0,29447.0,1741703.0,17269454.0,19819895.0,15986492.0,7077368.0,6466991.0,2686309.0,325878.0,2860.0,278673.0,972154.0,266771.0
481,OK,2020,12,31,290936.0,2489.0,363237.0,1273942.0,208050.0,46609.0,0.0,0.0,0.0,-1725159.0,-26958.0,-1378466.0,-15995512.0,-6466991.0
482,OK,2021,1,31,389472.0,3547.0,436142.0,1491912.0,594925.0,437985.0,0.0,0.0,0.0,98536.0,1058.0,72905.0,217970.0,0.0
483,OK,2021,2,28,424508.0,4428.0,454235.0,1583712.0,1399890.0,1095362.0,688342.0,0.0,0.0,35036.0,881.0,18093.0,91800.0,0.0
484,OK,2021,3,31,438364.0,4953.0,463238.0,1691033.0,2677545.0,1930169.0,1224792.0,704689.0,0.0,13856.0,525.0,9003.0,107321.0,704689.0
485,OK,2021,4,30,448305.0,6788.0,469797.0,1781773.0,3740005.0,2681258.0,1522909.0,1172022.0,0.0,9941.0,1835.0,6559.0,90740.0,467333.0
486,OK,2021,5,31,453172.0,7291.0,474141.0,1858584.0,3932805.0,2959139.0,1645319.0,1335445.0,0.0,4867.0,503.0,4344.0,76811.0,163423.0
487,OK,2021,6,30,457851.0,7388.0,479123.0,1920668.0,4012750.0,3267350.0,1773539.0,1518992.0,0.0,4679.0,97.0,4982.0,62084.0,183547.0
488,OK,2021,7,31,480635.0,7485.0,503383.0,2012261.0,4192800.0,3460262.0,1897232.0,1593194.0,0.0,22784.0,97.0,24260.0,91593.0,74202.0
489,OK,2021,8,31,551958.0,7812.0,561212.0,2202481.0,4709150.0,3829308.0,2109416.0,1734367.0,0.0,71323.0,327.0,57829.0,190220.0,141173.0
490,OK,2021,9,30,613765.0,8949.0,601430.0,2378388.0,5002360.0,4152019.0,2239256.0,1883414.0,0.0,61807.0,1137.0,40218.0,175907.0,149047.0
491,OK,2021,10,31,643978.0,10710.0,617286.0,2496369.0,5427550.0,4501331.0,2355199.0,1981645.0,218402.0,30213.0,1761.0,15856.0,117981.0,98231.0
492,OK,2021,11,30,666927.0,10879.0,630303.0,2625857.0,6019250.0,4878303.0,2485988.0,2039094.0,403298.0,22949.0,169.0,13017.0,129488.0,57449.0
493,OK,2021,12,31,708938.0,11552.0,660221.0,2791809.0,6257990.0,5323906.0,2617295.0,2119050.0,637475.0,42011.0,673.0,29918.0,165952.0,79956.0
494,OR,2020,12,31,113929.0,1485.0,123911.0,1927363.0,192450.0,31386.0,0.0,0.0,0.0,-595009.0,-10067.0,-536310.0,-864446.0,-2119050.0
495,OR,2021,1,31,142417.0,1972.0,148155.0,2202699.0,665325.0,407890.0,0.0,0.0,0.0,28488.0,487.0,24244.0,275336.0,0.0
496,OR,2021,2,28,155597.0,2218.0,158900.0,2441959.0,1241415.0,994403.0,632080.0,0.0,0.0,13180.0,246.0,10745.0,239260.0,0.0
497,OR,2021,3,31,165013.0,2396.0,166594.0,2817712.0,2449855.0,1854126.0,1187225.0,703262.0,0.0,9416.0,178.0,7694.0,375753.0,703262.0
498,OR,2021,4,30,184838.0,2511.0,184027.0,3143333.0,3853745.0,3047017.0,1869063.0,1284955.0,0.0,19825.0,115.0,17433.0,325621.0,581693.0
499,OR,2021,5,31,201561.0,2700.0,198451.0,3420603.0,5339055.0,4073216.0,2316666.0,1913354.0,0.0,16723.0,189.0,14424.0,277270.0,628399.0
500,OR,2021,6,30,208680.0,2803.0,204649.0,3625328.0,5634895.0,4517691.0,2467466.0,2223826.0,0.0,7119.0,103.0,6198.0,204725.0,310472.0
501,OR,2021,7,31,219755.0,2886.0,215353.0,3859135.0,5784515.0,4743550.0,2560856.0,2360847.0,0.0,11075.0,83.0,10704.0,233807.0,137021.0
502,OR,2021,8,31,276287.0,3211.0,261118.0,4271273.0,6216825.0,4972756.0,2698081.0,2448747.0,0.0,56532.0,325.0,45765.0,412138.0,87900.0
503,OR,2021,9,30,330054.0,3791.0,299832.0,4649449.0,6718845.0,5233207.0,2807716.0,2562913.0,0.0,53767.0,580.0,38714.0,378176.0,114166.0
504,OR,2021,10,31,365053.0,4372.0,328914.0,5040759.0,7331425.0,5651843.0,2886384.0,2652242.0,305283.0,34999.0,581.0,29082.0,391310.0,89329.0
505,OR,2021,11,30,391099.0,5161.0,348364.0,5388195.0,7983905.0,6201116.0,3013928.0,2699697.0,671460.0,26046.0,789.0,19450.0,347436.0,47455.0
506,OR,2021,12,31,421263.0,5655.0,378668.0,5780934.0,8488505.0,6852504.0,3125834.0,2805561.0,1106438.0,30164.0,494.0,30304.0,392739.0,105864.0
507,PA,2020,12,31,646060.0,16020.0,746733.0,7564095.0,471500.0,143381.0,0.0,0.0,0.0,224797.0,10365.0,368065.0,1783161.0,-2805561.0
508,PA,2021,1,31,848244.0,21715.0,926473.0,9120795.0,1976925.0,1088172.0,0.0,0.0,0.0,202184.0,5695.0,179740.0,1556700.0,0.0
509,PA,2021,2,28,935911.0,24056.0,1000997.0,10236086.0,3915545.0,2751844.0,1911844.0,0.0,0.0,87667.0,2341.0,74524.0,1115291.0,0.0
510,PA,2021,3,31,1030415.0,25150.0,1085382.0,11444177.0,7659555.0,6056762.0,4071410.0,2128284.0,0.0,94504.0,1094.0,84385.0,1208091.0,2128284.0
511,PA,2021,4,30,1156246.0,26275.0,1198188.0,12733111.0,12618775.0,10051650.0,6326613.0,4092041.0,0.0,125831.0,1125.0,112806.0,1288934.0,1963757.0
512,PA,2021,5,31,1206755.0,27268.0,1241195.0,13608896.0,15063565.0,12587891.0,7475698.0,5583035.0,0.0,50509.0,993.0,43007.0,875785.0,1490994.0
513,PA,2021,6,30,1216579.0,27725.0,1249785.0,14172031.0,15640825.0,13873980.0,8030076.0,6345433.0,0.0,9824.0,457.0,8590.0,563135.0,762398.0
514,PA,2021,7,31,1229002.0,27850.0,1262481.0,14637685.0,16304505.0,14548512.0,8379145.0,6694268.0,0.0,12423.0,125.0,12696.0,465654.0,348835.0
515,PA,2021,8,31,1300368.0,28235.0,1330299.0,15536558.0,17853915.0,15403600.0,8880224.0,7054540.0,0.0,71366.0,385.0,67818.0,898873.0,360272.0
516,PA,2021,9,30,1429940.0,29400.0,1457107.0,16846212.0,19275615.0,16205819.0,9283640.0,7405158.0,0.0,129572.0,1165.0,126808.0,1309654.0,350618.0
517,PA,2021,10,31,1564939.0,31454.0,1580044.0,18084652.0,21155025.0,17661174.0,9991346.0,7756019.0,497521.0,134999.0,2054.0,122937.0,1238440.0,350861.0
518,PA,2021,11,30,1736920.0,33421.0,1731385.0,19240198.0,23777055.0,18310906.0,10455826.0,7478745.0,1071194.0,171981.0,1967.0,151341.0,1155546.0,-277274.0
519,PA,2021,12,31,2036424.0,36705.0,2025200.0,20609661.0,25675635.0,20123432.0,10019137.0,8175175.0,2618469.0,299504.0,3284.0,293815.0,1369463.0,696430.0
520,PR,2020,12,31,109906.0,1503.0,24030.0,338721.0,164825.0,35300.0,0.0,0.0,0.0,-1926518.0,-35202.0,-2001170.0,-20270940.0,-8175175.0
521,PR,2021,1,31,127239.0,1829.0,26268.0,367193.0,530950.0,249394.0,0.0,0.0,0.0,17333.0,326.0,2238.0,28472.0,0.0
522,PR,2021,2,28,133912.0,2036.0,29767.0,429992.0,1036820.0,549615.0,355184.0,0.0,0.0,6673.0,207.0,3499.0,62799.0,0.0
523,PR,2021,3,31,140720.0,2113.0,38349.0,552920.0,2010390.0,1088065.0,708489.0,404691.0,0.0,6808.0,77.0,8582.0,122928.0,404691.0
524,PR,2021,4,30,165052.0,2303.0,65829.0,754634.0,3175510.0,1885594.0,1193147.0,777089.0,0.0,24332.0,190.0,27480.0,201714.0,372398.0
525,PR,2021,5,31,172305.0,2502.0,75249.0,939393.0,3858830.0,2709134.0,1626010.0,1187823.0,0.0,7253.0,199.0,9420.0,184759.0,410734.0
526,PR,2021,6,30,173641.0,2549.0,77118.0,1052941.0,4167010.0,3230732.0,1878854.0,1473955.0,0.0,1336.0,47.0,1869.0,113548.0,286132.0
527,PR,2021,7,31,179832.0,2580.0,83531.0,1162936.0,4266370.0,3975244.0,2197391.0,1911719.0,0.0,6191.0,31.0,6413.0,109995.0,437764.0
528,PR,2021,8,31,204067.0,2860.0,106479.0,1358716.0,4375710.0,4238431.0,2367418.0,2009771.0,0.0,24235.0,280.0,22948.0,195780.0,98052.0
529,PR,2021,9,30,214802.0,3149.0,117724.0,1544849.0,4947010.0,4673227.0,2530211.0,2245195.0,0.0,10735.0,289.0,11245.0,186133.0,235424.0
530,PR,2021,10,31,218427.0,3234.0,120863.0,1682336.0,5051450.0,5027906.0,2624734.0,2349850.0,171781.0,3625.0,85.0,3139.0,137487.0,104655.0
531,PR,2021,11,30,221629.0,3270.0,124122.0,1807658.0,6007140.0,5402867.0,2710218.0,2365975.0,409079.0,3202.0,36.0,3259.0,125322.0,16125.0
532,PR,2021,12,31,305905.0,3305.0,180298.0,2061505.0,6437230.0,5934828.0,2844678.0,2461503.0,710462.0,84276.0,35.0,56176.0,253847.0,95528.0
533,RI,2020,12,31,87949.0,1777.0,128986.0,1708783.0,58750.0,13166.0,0.0,0.0,0.0,-217956.0,-1528.0,-51312.0,-352722.0,-2461503.0
534,RI,2021,1,31,114438.0,2154.0,167099.0,2342612.0,173225.0,91177.0,0.0,0.0,0.0,26489.0,377.0,38113.0,633829.0,0.0
535,RI,2021,2,28,125622.0,2502.0,176086.0,2689646.0,308415.0,256755.0,183254.0,0.0,0.0,11184.0,348.0,8987.0,347034.0,0.0
536,RI,2021,3,31,137329.0,2619.0,185844.0,3118442.0,652615.0,559186.0,349215.0,221888.0,0.0,11707.0,117.0,9758.0,428796.0,221888.0
537,RI,2021,4,30,148186.0,2671.0,194487.0,3509433.0,1130875.0,913120.0,556126.0,387339.0,0.0,10857.0,52.0,8643.0,390991.0,165451.0
538,RI,2021,5,31,151743.0,2708.0,197665.0,3720187.0,1459925.0,1163595.0,646373.0,548312.0,0.0,3557.0,37.0,3178.0,210754.0,160973.0
539,RI,2021,6,30,152613.0,2730.0,198288.0,3852094.0,1512025.0,1276058.0,684276.0,623797.0,0.0,870.0,22.0,623.0,131907.0,75485.0
540,RI,2021,7,31,154339.0,2740.0,199901.0,3959340.0,1565265.0,1329473.0,713873.0,651498.0,0.0,1726.0,10.0,1613.0,107246.0,27701.0
541,RI,2021,8,31,162617.0,2770.0,207054.0,4156313.0,1637175.0,1393434.0,757546.0,685619.0,0.0,8278.0,30.0,7153.0,196973.0,34121.0
542,RI,2021,9,30,172361.0,2838.0,216577.0,4549905.0,1699475.0,1461411.0,797418.0,723162.0,0.0,9744.0,68.0,9523.0,393592.0,37543.0
543,RI,2021,10,31,179405.0,2878.0,222772.0,4900603.0,1851895.0,1571070.0,828526.0,751359.0,80484.0,7044.0,40.0,6195.0,350698.0,28197.0
544,RI,2021,11,30,191763.0,2932.0,235071.0,5216554.0,2041815.0,1746372.0,881393.0,768877.0,195936.0,12358.0,54.0,12299.0,315951.0,17518.0
545,RI,2021,12,31,231096.0,3066.0,266388.0,5655350.0,2282465.0,1958192.0,945588.0,811090.0,344413.0,39333.0,134.0,31317.0,438796.0,42213.0
546,SC,2020,12,31,307507.0,5296.0,402638.0,2937426.0,156125.0,50258.0,0.0,0.0,0.0,76411.0,2230.0,136250.0,-2717924.0,-811090.0
547,SC,2021,1,31,443386.0,7042.0,534347.0,3828352.0,560150.0,439541.0,0.0,0.0,0.0,135879.0,1746.0,131709.0,890926.0,0.0
548,SC,2021,2,28,516823.0,8546.0,584926.0,4517857.0,1339205.0,1086550.0,737658.0,0.0,0.0,73437.0,1504.0,50579.0,689505.0,0.0
549,SC,2021,3,31,551630.0,9146.0,610515.0,5094865.0,2868095.0,2150462.0,1403522.0,774353.0,0.0,34807.0,600.0,25589.0,577008.0,774353.0
550,SC,2021,4,30,578659.0,9497.0,631818.0,5560538.0,4523435.0,3241756.0,1881335.0,1407621.0,0.0,27029.0,351.0,21303.0,465673.0,633268.0
551,SC,2021,5,31,593262.0,9736.0,641732.0,5846277.0,5082625.0,3774914.0,2107505.0,1738713.0,0.0,14603.0,239.0,9914.0,285739.0,331092.0
552,SC,2021,6,30,596840.0,9819.0,646072.0,6055411.0,5291285.0,4190059.0,2280229.0,1991900.0,0.0,3578.0,83.0,4340.0,209134.0,253187.0
553,SC,2021,7,31,617148.0,9904.0,674932.0,6306975.0,5588815.0,4410827.0,2408619.0,2091278.0,0.0,20308.0,85.0,28860.0,251564.0,99378.0
554,SC,2021,8,31,735287.0,10598.0,803891.0,7076047.0,6322035.0,4812642.0,2658705.0,2232208.0,0.0,118139.0,694.0,128959.0,769072.0,140930.0
555,SC,2021,9,30,857386.0,12472.0,921389.0,8003485.0,6833215.0,5262891.0,2844094.0,2433429.0,0.0,122099.0,1874.0,117498.0,927438.0,201221.0
556,SC,2021,10,31,897152.0,13716.0,956620.0,8581890.0,7664965.0,5730131.0,2966691.0,2574674.0,301403.0,39766.0,1244.0,35231.0,578405.0,141245.0
557,SC,2021,11,30,918321.0,14210.0,975420.0,9046437.0,8315745.0,6194615.0,3102884.0,2646396.0,553123.0,21169.0,494.0,18800.0,464547.0,71722.0
558,SC,2021,12,31,975320.0,14636.0,1031789.0,9540948.0,8811295.0,6731650.0,3236703.0,2738076.0,859773.0,56999.0,426.0,56369.0,494511.0,91680.0
559,SD,2020,12,31,99164.0,1488.0,55404.0,413915.0,47975.0,21154.0,0.0,0.0,0.0,-876156.0,-13148.0,-976385.0,-9127033.0,-2738076.0
560,SD,2021,1,31,108250.0,1778.0,58104.0,445713.0,130700.0,105961.0,0.0,0.0,0.0,9086.0,290.0,2700.0,31798.0,0.0
561,SD,2021,2,28,112427.0,1888.0,59445.0,470267.0,329300.0,278285.0,184028.0,0.0,0.0,4177.0,110.0,1341.0,24554.0,0.0
562,SD,2021,3,31,117759.0,1935.0,63388.0,505930.0,618745.0,496601.0,308289.0,198087.0,0.0,5332.0,47.0,3943.0,35663.0,198087.0
563,SD,2021,4,30,122660.0,1967.0,67914.0,544007.0,899255.0,699187.0,395076.0,324779.0,0.0,4901.0,32.0,4526.0,38077.0,126692.0
564,SD,2021,5,31,124191.0,2014.0,69817.0,569326.0,936015.0,776141.0,426758.0,375451.0,0.0,1531.0,47.0,1903.0,25319.0,50672.0
565,SD,2021,6,30,124536.0,2035.0,70577.0,585759.0,958765.0,819287.0,446891.0,401431.0,0.0,345.0,21.0,760.0,16433.0,25980.0
566,SD,2021,7,31,125216.0,2043.0,71983.0,601824.0,996865.0,851237.0,466986.0,415448.0,0.0,680.0,8.0,1406.0,16065.0,14017.0
567,SD,2021,8,31,132259.0,2069.0,80378.0,635339.0,1082595.0,899563.0,496277.0,434182.0,0.0,7043.0,26.0,8395.0,33515.0,18734.0
568,SD,2021,9,30,145018.0,2142.0,92918.0,691145.0,1175615.0,957432.0,523757.0,457326.0,0.0,12759.0,73.0,12540.0,55806.0,23144.0
569,SD,2021,10,31,154482.0,2235.0,103619.0,740364.0,1348445.0,1028110.0,549309.0,465631.0,50313.0,9464.0,93.0,10701.0,49219.0,8305.0
570,SD,2021,11,30,166208.0,2334.0,113733.0,786503.0,1489515.0,1149804.0,592615.0,483369.0,114472.0,11726.0,99.0,10114.0,46139.0,17738.0
571,SD,2021,12,31,179204.0,2486.0,123383.0,838466.0,1581285.0,1264731.0,628500.0,505847.0,173905.0,12996.0,152.0,9650.0,51963.0,22478.0
572,TN,2020,12,31,572579.0,6846.0,606759.0,4556117.0,302950.0,87338.0,0.0,0.0,0.0,393375.0,4360.0,483376.0,3717651.0,-505847.0
573,TN,2021,1,31,713290.0,9557.0,704573.0,5106972.0,998875.0,609213.0,0.0,0.0,0.0,140711.0,2711.0,97814.0,550855.0,0.0
574,TN,2021,2,28,761232.0,11317.0,735109.0,5444272.0,1965740.0,1359382.0,878954.0,0.0,0.0,47942.0,1760.0,30536.0,337300.0,0.0
575,TN,2021,3,31,797531.0,11798.0,759770.0,5786260.0,3804790.0,2655309.0,1711847.0,942765.0,0.0,36299.0,481.0,24661.0,341988.0,942765.0
576,TN,2021,4,30,832853.0,12100.0,782159.0,6093179.0,5510930.0,4009536.0,2339881.0,1671930.0,0.0,35322.0,302.0,22389.0,306919.0,729165.0
577,TN,2021,5,31,848020.0,12341.0,793206.0,6311678.0,6086730.0,4852489.0,2678177.0,2170771.0,0.0,15167.0,241.0,11047.0,218499.0,498841.0
578,TN,2021,6,30,854211.0,12466.0,797253.0,6462180.0,6313590.0,5272627.0,2845692.0,2415814.0,0.0,6191.0,125.0,4047.0,150502.0,245043.0
579,TN,2021,7,31,879858.0,12638.0,820314.0,6630228.0,6751740.0,5755732.0,3056804.0,2670396.0,0.0,25647.0,172.0,23061.0,168048.0,254582.0
580,TN,2021,8,31,1032434.0,13378.0,933711.0,7101696.0,7799390.0,6322024.0,3385615.0,2857691.0,0.0,152576.0,740.0,113397.0,471468.0,187295.0
581,TN,2021,9,30,1200264.0,15026.0,1031379.0,7545397.0,8551690.0,6875072.0,3600059.0,3103098.0,0.0,167830.0,1648.0,97668.0,443701.0,245407.0
582,TN,2021,10,31,1251111.0,16216.0,1066631.0,7876132.0,9399820.0,7457778.0,3724536.0,3254781.0,399686.0,50847.0,1190.0,35252.0,330735.0,151683.0
583,TN,2021,11,30,1286770.0,16903.0,1090283.0,8193938.0,10250410.0,8175906.0,3881413.0,3383804.0,795662.0,35659.0,687.0,23652.0,317806.0,129023.0
584,TN,2021,12,31,1379917.0,20640.0,1122028.0,8375923.0,10873470.0,8945296.0,4015170.0,3510789.0,1243841.0,93147.0,3737.0,31745.0,181985.0,126985.0
585,TX,2020,12,31,1731245.0,28155.0,2120213.0,13620391.0,1122725.0,518000.0,0.0,0.0,0.0,351328.0,7515.0,998185.0,5244468.0,-3510789.0
586,TX,2021,1,31,2333678.0,37242.0,2730937.0,16539428.0,3659550.0,2408879.0,0.0,0.0,0.0,602433.0,9087.0,610724.0,2919037.0,0.0
587,TX,2021,2,28,2611001.0,43949.0,2953218.0,18366013.0,7615175.0,5566612.0,3533100.0,0.0,0.0,277323.0,6707.0,222281.0,1826585.0,0.0
588,TX,2021,3,31,2750748.0,48537.0,3064994.0,20244536.0,16084645.0,11604088.0,7476870.0,3973093.0,0.0,139747.0,4588.0,111776.0,1878523.0,3973093.0
589,TX,2021,4,30,2849970.0,50403.0,3164020.0,22037158.0,25401725.0,18885671.0,11092489.0,7826009.0,0.0,99222.0,1866.0,99026.0,1792622.0,3852916.0
590,TX,2021,5,31,2908651.0,51673.0,3220387.0,23495307.0,30386725.0,22990898.0,12832128.0,10295840.0,0.0,58681.0,1270.0,56367.0,1458149.0,2469831.0
591,TX,2021,6,30,2954682.0,52518.0,3258310.0,24592878.0,31844105.0,25686380.0,13962839.0,11932087.0,0.0,46031.0,845.0,37923.0,1097571.0,1636247.0
592,TX,2021,7,31,3093066.0,53402.0,3445032.0,25875306.0,33560945.0,27420863.0,14982363.0,12713003.0,0.0,138384.0,884.0,186722.0,1282428.0,780916.0
593,TX,2021,8,31,3565156.0,57205.0,3953183.0,28356582.0,38432925.0,30165551.0,16562122.0,13753861.0,0.0,472090.0,3803.0,508151.0,2481276.0,1040858.0
594,TX,2021,9,30,4020674.0,65532.0,4335997.0,31041108.0,41766835.0,32309531.0,17258083.0,14813685.0,0.0,455518.0,8327.0,382814.0,2684526.0,1059824.0
595,TX,2021,10,31,4191135.0,71517.0,4480190.0,33024924.0,44773525.0,34598563.0,17808286.0,15481485.0,1499326.0,170461.0,5985.0,144193.0,1983816.0,667800.0
596,TX,2021,11,30,4288344.0,74145.0,4578300.0,34664627.0,49037875.0,37245206.0,18584093.0,15861342.0,2852193.0,97209.0,2628.0,98110.0,1639703.0,379857.0
597,TX,2021,12,31,4535599.0,76062.0,5018351.0,36692048.0,51886995.0,40613411.0,19374629.0,16517819.0,4640940.0,247255.0,1917.0,440051.0,2027421.0,656477.0
598,UT,2020,12,31,276612.0,1270.0,356585.0,2392821.0,143950.0,24295.0,0.0,0.0,0.0,-4258987.0,-74792.0,-4661766.0,-34299227.0,-16517819.0
599,UT,2021,1,31,346624.0,1665.0,440398.0,2722459.0,401375.0,286501.0,0.0,0.0,0.0,70012.0,395.0,83813.0,329638.0,0.0
600,UT,2021,2,28,371291.0,1935.0,469377.0,2965871.0,820950.0,688505.0,391851.0,0.0,0.0,24667.0,270.0,28979.0,243412.0,0.0
601,UT,2021,3,31,385700.0,2122.0,482013.0,3237253.0,1627020.0,1327487.0,814168.0,365896.0,0.0,14409.0,187.0,12636.0,271382.0,365896.0
602,UT,2021,4,30,397388.0,2202.0,491924.0,3475561.0,2540220.0,2116254.0,1254664.0,749770.0,0.0,11688.0,80.0,9911.0,238308.0,383874.0
603,UT,2021,5,31,406240.0,2302.0,499496.0,3653766.0,3100720.0,2589347.0,1452738.0,1041920.0,0.0,8852.0,100.0,7572.0,178205.0,292150.0
604,UT,2021,6,30,415210.0,2371.0,508503.0,3807678.0,3218680.0,2847810.0,1561287.0,1196468.0,0.0,8970.0,69.0,9007.0,153912.0,154548.0
605,UT,2021,7,31,432539.0,2451.0,526964.0,3970433.0,3381470.0,3005542.0,1670741.0,1436969.0,0.0,17329.0,80.0,18461.0,162755.0,240501.0
606,UT,2021,8,31,464502.0,2634.0,556880.0,4209737.0,3754840.0,3228943.0,1803415.0,1522997.0,0.0,31963.0,183.0,29916.0,239304.0,86028.0
607,UT,2021,9,30,508593.0,2932.0,597144.0,4539469.0,3988270.0,3427654.0,1889984.0,1622171.0,0.0,44091.0,298.0,40264.0,329732.0,99174.0
608,UT,2021,10,31,549998.0,3208.0,635007.0,4825910.0,4434170.0,3699512.0,1960231.0,1717796.0,121844.0,41405.0,276.0,37863.0,286441.0,95625.0
609,UT,2021,11,30,595933.0,3528.0,673551.0,5122135.0,4982170.0,4016039.0,2048267.0,1772790.0,290778.0,45935.0,320.0,38544.0,296225.0,54994.0
610,UT,2021,12,31,637144.0,3787.0,719555.0,5441489.0,5401060.0,4522293.0,2160538.0,1885136.0,567373.0,41211.0,259.0,46004.0,319354.0,112346.0
611,VA,2020,12,31,349584.0,5032.0,590378.0,4134052.0,431975.0,79421.0,0.0,0.0,0.0,-287560.0,1245.0,-129177.0,-1307437.0,-1885136.0
612,VA,2021,1,31,504779.0,6464.0,787190.0,5002416.0,1232350.0,833221.0,0.0,0.0,0.0,155195.0,1432.0,196812.0,868364.0,0.0
613,VA,2021,2,28,576050.0,8552.0,855123.0,5620065.0,2536495.0,2086194.0,1349077.0,0.0,0.0,71271.0,2088.0,67933.0,617649.0,0.0
614,VA,2021,3,31,618976.0,10252.0,896140.0,6225427.0,4907455.0,4056991.0,2671921.0,1457374.0,0.0,42926.0,1700.0,41017.0,605362.0,1457374.0
615,VA,2021,4,30,659590.0,10770.0,931871.0,6772555.0,8073915.0,6643728.0,4019353.0,2802389.0,0.0,40614.0,518.0,35731.0,547128.0,1345015.0
616,VA,2021,5,31,675538.0,11186.0,946518.0,7140199.0,9792225.0,8356712.0,4719678.0,3850933.0,0.0,15948.0,416.0,14647.0,367644.0,1048544.0
617,VA,2021,6,30,680340.0,11415.0,952680.0,7426770.0,10358165.0,9230660.0,5040260.0,4422065.0,0.0,4802.0,229.0,6162.0,286571.0,571132.0
618,VA,2021,7,31,694384.0,11532.0,973665.0,7728492.0,10839065.0,9679982.0,5266866.0,4652774.0,0.0,14044.0,117.0,20985.0,301722.0,230709.0
619,VA,2021,8,31,766435.0,11842.0,1044091.0,8296468.0,11823105.0,10240407.0,5574196.0,4887531.0,0.0,72051.0,310.0,70426.0,567976.0,234757.0
620,VA,2021,9,30,866776.0,12750.0,1145370.0,9198106.0,12733165.0,10882638.0,5839079.0,5170550.0,0.0,100341.0,908.0,101279.0,901638.0,283019.0
621,VA,2021,10,31,924771.0,13907.0,1199163.0,9839245.0,14044995.0,11792158.0,6072544.0,5386168.0,567005.0,57995.0,1157.0,53793.0,641139.0,215618.0
622,VA,2021,11,30,969116.0,14710.0,1239889.0,10366377.0,15628535.0,13100880.0,6451445.0,5542940.0,1308020.0,44345.0,803.0,40726.0,527132.0,156772.0
623,VA,2021,12,31,1118518.0,15587.0,1396814.0,11051582.0,16891135.0,14499285.0,6752283.0,5807768.0,2126728.0,149402.0,877.0,156925.0,685205.0,264828.0
624,VT,2020,12,31,7412.0,136.0,11449.0,717398.0,34900.0,12241.0,0.0,0.0,0.0,-1111106.0,-15451.0,-1385365.0,-10334184.0,-5807768.0
625,VT,2021,1,31,11965.0,174.0,18013.0,901994.0,99750.0,67180.0,0.0,0.0,0.0,4553.0,38.0,6564.0,184596.0,0.0
626,VT,2021,2,28,15198.0,204.0,22253.0,1107891.0,206910.0,162558.0,104583.0,0.0,0.0,3233.0,30.0,4240.0,205897.0,0.0
627,VT,2021,3,31,19275.0,227.0,28377.0,1380286.0,417840.0,328451.0,209145.0,117656.0,0.0,4077.0,23.0,6124.0,272395.0,117656.0
628,VT,2021,4,30,22952.0,246.0,33130.0,1620051.0,682870.0,563428.0,343866.0,232682.0,0.0,3677.0,19.0,4753.0,239765.0,115026.0
629,VT,2021,5,31,24220.0,255.0,34936.0,1732279.0,897370.0,774149.0,439926.0,349392.0,0.0,1268.0,9.0,1806.0,112228.0,116710.0
630,VT,2021,6,30,24410.0,256.0,35213.0,1774156.0,920260.0,851583.0,461243.0,409254.0,0.0,190.0,1.0,277.0,41877.0,59862.0
631,VT,2021,7,31,24889.0,260.0,35992.0,1820437.0,950640.0,872990.0,471276.0,421444.0,0.0,479.0,4.0,779.0,46281.0,12190.0
632,VT,2021,8,31,28200.0,276.0,40738.0,1946732.0,983900.0,874010.0,475005.0,423736.0,0.0,3311.0,16.0,4746.0,126295.0,2292.0
633,VT,2021,9,30,33662.0,317.0,48334.0,2140885.0,1047290.0,897919.0,484962.0,433565.0,0.0,5462.0,41.0,7596.0,194153.0,9829.0
634,VT,2021,10,31,40191.0,364.0,56666.0,2378347.0,1166880.0,980062.0,497477.0,444573.0,64128.0,6529.0,47.0,8332.0,237462.0,11008.0
635,VT,2021,11,30,50014.0,410.0,69081.0,2649079.0,1301670.0,1120308.0,533218.0,454783.0,158945.0,9823.0,46.0,12415.0,270732.0,10210.0
636,VT,2021,12,31,64447.0,471.0,90223.0,2961728.0,1426470.0,1253340.0,558172.0,483594.0,237954.0,14433.0,61.0,21142.0,312649.0,28811.0
637,WA,2020,12,31,251064.0,3523.0,0.0,0.0,312100.0,64077.0,0.0,0.0,0.0,186617.0,3052.0,-90223.0,-2961728.0,-483594.0
638,WA,2021,1,31,315769.0,4369.0,0.0,0.0,1031400.0,684344.0,0.0,0.0,0.0,64705.0,846.0,0.0,0.0,0.0
639,WA,2021,2,28,342644.0,5024.0,0.0,0.0,2245010.0,1729208.0,1134837.0,0.0,0.0,26875.0,655.0,0.0,0.0,0.0
640,WA,2021,3,31,366907.0,5309.0,0.0,0.0,4495070.0,3586736.0,2272698.0,1365670.0,0.0,24263.0,285.0,0.0,0.0,1365670.0
641,WA,2021,4,30,404972.0,5547.0,0.0,0.0,7203050.0,5828363.0,3524503.0,2454705.0,0.0,38065.0,238.0,0.0,0.0,1089035.0
642,WA,2021,5,31,437500.0,5809.0,0.0,0.0,8898290.0,7653428.0,4321624.0,3552692.0,0.0,32528.0,262.0,0.0,0.0,1097987.0
643,WA,2021,6,30,453630.0,5984.0,0.0,0.0,9381235.0,8563778.0,4663854.0,4150522.0,0.0,16130.0,175.0,0.0,0.0,597830.0
644,WA,2021,7,31,474520.0,6165.0,0.0,0.0,9739945.0,9003082.0,4872247.0,4388828.0,0.0,20890.0,181.0,0.0,0.0,238306.0
645,WA,2021,8,31,564787.0,6638.0,0.0,0.0,10534125.0,9498458.0,5165371.0,4581633.0,0.0,90267.0,473.0,0.0,0.0,192805.0
646,WA,2021,9,30,660467.0,7780.0,0.0,0.0,11325765.0,9580603.0,5118060.0,4631921.0,0.0,95680.0,1142.0,0.0,0.0,50288.0
647,WA,2021,10,31,727820.0,8686.0,0.0,0.0,12581595.0,10326063.0,5283945.0,4834257.0,493171.0,67353.0,906.0,0.0,0.0,202336.0
648,WA,2021,11,30,777001.0,9349.0,0.0,0.0,13976625.0,11377078.0,5552276.0,4953066.0,1173381.0,49181.0,663.0,0.0,0.0,118809.0
649,WA,2021,12,31,852824.0,9904.0,0.0,0.0,15176505.0,12619972.0,5768728.0,5176966.0,1984104.0,75823.0,555.0,0.0,0.0,223900.0
650,WI,2020,12,31,519838.0,5245.0,595879.0,5561792.0,187100.0,55441.0,0.0,0.0,0.0,-332986.0,-4659.0,595879.0,5561792.0,-5176966.0
651,WI,2021,1,31,591540.0,6437.0,660040.0,6311929.0,795050.0,491058.0,0.0,0.0,0.0,71702.0,1192.0,64161.0,750137.0,0.0
652,WI,2021,2,28,616780.0,7019.0,683429.0,7022053.0,1588665.0,1470570.0,958333.0,0.0,0.0,25240.0,582.0,23389.0,710124.0,0.0
653,WI,2021,3,31,635650.0,7316.0,702168.0,7737252.0,3355325.0,2905410.0,1850625.0,1079684.0,0.0,18870.0,297.0,18739.0,715199.0,1079684.0
654,WI,2021,4,30,660062.0,7550.0,726708.0,8368747.0,5241375.0,4644336.0,2656544.0,2054388.0,0.0,24412.0,234.0,24540.0,631495.0,974704.0
655,WI,2021,5,31,674030.0,7856.0,739614.0,8797362.0,5934385.0,5481395.0,2976930.0,2594334.0,0.0,13968.0,306.0,12906.0,428615.0,539946.0
656,WI,2021,6,30,677233.0,8128.0,742908.0,9089860.0,6111245.0,5906485.0,3122615.0,2879461.0,0.0,3203.0,272.0,3294.0,292498.0,285127.0
657,WI,2021,7,31,686782.0,8290.0,754742.0,9353276.0,6393985.0,6163565.0,3239235.0,3015017.0,0.0,9549.0,162.0,11834.0,263416.0,135556.0
658,WI,2021,8,31,733557.0,8462.0,801822.0,9868700.0,6955945.0,6469278.0,3412329.0,3142587.0,0.0,46775.0,172.0,47080.0,515424.0,127570.0
659,WI,2021,9,30,809782.0,8888.0,881572.0,10684444.0,7379855.0,6789307.0,3547981.0,3286121.0,0.0,76225.0,426.0,79750.0,815744.0,143534.0
660,WI,2021,10,31,882018.0,9416.0,947685.0,11377869.0,8346235.0,7374991.0,3652087.0,3395756.0,452424.0,72236.0,528.0,66113.0,693425.0,109635.0
661,WI,2021,11,30,980261.0,10006.0,1034227.0,12024406.0,9291735.0,8194809.0,3832519.0,3464470.0,1008230.0,98243.0,590.0,86542.0,646537.0,68714.0
662,WI,2021,12,31,1120069.0,11173.0,1183301.0,12789092.0,10097975.0,9144132.0,3978452.0,3611878.0,1619261.0,139808.0,1167.0,149074.0,764686.0,147408.0
663,WV,2020,12,31,85334.0,1338.0,109986.0,1566526.0,103375.0,52837.0,0.0,0.0,0.0,-1034735.0,-9835.0,-1073315.0,-11222566.0,-3611878.0
664,WV,2021,1,31,121001.0,2024.0,153130.0,1929358.0,305200.0,259774.0,0.0,0.0,0.0,35667.0,686.0,43144.0,362832.0,0.0
665,WV,2021,2,28,131855.0,2300.0,164651.0,2105854.0,605255.0,532295.0,317008.0,0.0,0.0,10854.0,276.0,11521.0,176496.0,0.0
666,WV,2021,3,31,141738.0,2676.0,174761.0,2285964.0,1136405.0,874459.0,537000.0,336742.0,0.0,9883.0,376.0,10110.0,180110.0,336742.0
667,WV,2021,4,30,153128.0,2679.0,187427.0,2454494.0,1649555.0,1173419.0,641217.0,543800.0,0.0,11390.0,3.0,12666.0,168530.0,207058.0
668,WV,2021,5,31,161287.0,2792.0,195529.0,2578505.0,1836245.0,1315912.0,729304.0,609868.0,0.0,8159.0,113.0,8102.0,124011.0,66068.0
669,WV,2021,6,30,164041.0,2891.0,197805.0,2658313.0,1889805.0,1417620.0,781983.0,666545.0,0.0,2754.0,99.0,2276.0,79808.0,56677.0
670,WV,2021,7,31,167016.0,2946.0,201320.0,2741547.0,1977205.0,1487736.0,825244.0,699786.0,0.0,2975.0,55.0,3515.0,83234.0,33241.0
671,WV,2021,8,31,189690.0,3084.0,224970.0,2936126.0,2561775.0,1514115.0,843679.0,710603.0,0.0,22674.0,138.0,23650.0,194579.0,10817.0
672,WV,2021,9,30,240459.0,3670.0,276913.0,3269657.0,2974635.0,1549965.0,863354.0,724405.0,0.0,50769.0,586.0,51943.0,333531.0,13802.0
673,WV,2021,10,31,272532.0,4426.0,307810.0,3517523.0,3176695.0,1590905.0,878045.0,735450.0,45091.0,32073.0,756.0,30897.0,247866.0,11045.0
674,WV,2021,11,30,294794.0,4868.0,330261.0,3712135.0,3379485.0,1690860.0,966272.0,744500.0,57842.0,22262.0,442.0,22451.0,194612.0,9050.0
675,WV,2021,12,31,328162.0,5336.0,367090.0,3948163.0,3344675.0,2496290.0,1110902.0,987665.0,372915.0,33368.0,468.0,36829.0,236028.0,243165.0
676,WY,2020,12,31,44409.0,438.0,39744.0,485775.0,28125.0,4763.0,0.0,0.0,0.0,-283753.0,-4898.0,-327346.0,-3462388.0,-987665.0
677,WY,2021,1,31,51912.0,596.0,45540.0,564952.0,85750.0,57023.0,0.0,0.0,0.0,7503.0,158.0,5796.0,79177.0,0.0
678,WY,2021,2,28,54394.0,671.0,47337.0,614184.0,195855.0,156397.0,99849.0,0.0,0.0,2482.0,75.0,1797.0,49232.0,0.0
679,WY,2021,3,31,56310.0,700.0,49355.0,672609.0,378565.0,262406.0,156910.0,105052.0,0.0,1916.0,29.0,2018.0,58425.0,105052.0
680,WY,2021,4,30,58142.0,707.0,50928.0,712795.0,479485.0,356057.0,196453.0,160656.0,0.0,1832.0,7.0,1573.0,40186.0,55604.0
681,WY,2021,5,31,60144.0,719.0,52433.0,743960.0,505565.0,395629.0,214398.0,184222.0,0.0,2002.0,12.0,1505.0,31165.0,23566.0
682,WY,2021,6,30,62290.0,747.0,53765.0,772022.0,516025.0,421749.0,226911.0,198958.0,0.0,2146.0,28.0,1332.0,28062.0,14736.0
683,WY,2021,7,31,65127.0,776.0,55741.0,806073.0,529845.0,447473.0,241610.0,212230.0,0.0,2837.0,29.0,1976.0,34051.0,13272.0
684,WY,2021,8,31,75136.0,858.0,62119.0,865487.0,586155.0,478281.0,262132.0,223590.0,0.0,10009.0,82.0,6378.0,59414.0,11360.0
685,WY,2021,9,30,90602.0,996.0,72700.0,949582.0,658215.0,520777.0,280635.0,240814.0,0.0,15466.0,138.0,10581.0,84095.0,17224.0
686,WY,2021,10,31,102926.0,1174.0,80967.0,1018071.0,742965.0,569168.0,294284.0,254028.0,30404.0,12324.0,178.0,8267.0,68489.0,13214.0
687,WY,2021,11,30,111089.0,1428.0,85935.0,1076917.0,813665.0,632809.0,310481.0,263763.0,69165.0,8163.0,254.0,4968.0,58846.0,9735.0
688,WY,2021,12,31,115638.0,1526.0,89862.0,1130099.0,846205.0,686161.0,323709.0,275369.0,99199.0,4549.0,98.0,3927.0,53182.0,11606.0
