,State,Year-Month,Population,Total_Cases,Total_Deaths,Total_Positives,Total_Negatives,Vaccine_Dist,Vaccine_Admin,Vaccine_Int,Vaccine_Complete,Add_Dose,Monthly Cases,Monthly Deaths,Monthly Positive,Monthly Negatives,Monthly Vaccine Initiated,Monthly Vaccine Completed,Monthly Additional Dose
1,AK,2021-1,732673,53985.0,253.0,93699.0,1547506.0,193150.0,119590.0,0.0,0.0,0.0,7245.0,55.0,9532.0,226096.0,0.0,0.0,0.0
2,AK,2021-2,732673,57846.0,279.0,98919.0,1742031.0,342535.0,264741.0,166735.0,0.0,0.0,3861.0,26.0,5220.0,194525.0,166735.0,0.0,0.0
3,AK,2021-3,732673,62559.0,299.0,104247.0,1954197.0,601225.0,407233.0,248711.0,163100.0,0.0,4713.0,20.0,5328.0,212166.0,81976.0,163100.0,0.0
4,AK,2021-4,732673,67598.0,330.0,109932.0,2152524.0,769205.0,552792.0,305395.0,256564.0,0.0,5039.0,31.0,5685.0,198327.0,56684.0,93464.0,0.0
5,AK,2021-5,732673,69627.0,352.0,112288.0,2299052.0,806335.0,612275.0,337795.0,287850.0,0.0,2029.0,22.0,2356.0,146528.0,32400.0,31286.0,0.0
6,AK,2021-6,732673,70669.0,360.0,112753.0,2350228.0,829945.0,658672.0,358311.0,313709.0,0.0,1042.0,8.0,465.0,51176.0,20516.0,25859.0,0.0
7,AK,2021-7,732673,74853.0,372.0,118678.0,2468703.0,854805.0,697440.0,376882.0,333092.0,0.0,4184.0,12.0,5925.0,118475.0,18571.0,19383.0,0.0
8,AK,2021-8,732673,87842.0,427.0,137274.0,2697080.0,933585.0,730407.0,396543.0,345364.0,0.0,12989.0,55.0,18596.0,228377.0,19661.0,12272.0,0.0
9,AK,2021-9,732673,113835.0,559.0,146327.0,2784766.0,1058945.0,792368.0,419056.0,370114.0,0.0,25993.0,132.0,9053.0,87686.0,22513.0,24750.0,0.0
10,AK,2021-10,732673,136975.0,707.0,151420.0,2833177.0,1155005.0,871621.0,434826.0,385131.0,53675.0,23140.0,148.0,5093.0,48411.0,15770.0,15017.0,53675.0
11,AK,2021-11,732673,150004.0,856.0,153624.0,2871557.0,1272385.0,957508.0,459412.0,396688.0,104915.0,13029.0,149.0,2204.0,38380.0,24586.0,11557.0,51240.0
12,AK,2021-12,732673,156130.0,954.0,154826.0,2895642.0,1320555.0,1026473.0,476117.0,412432.0,143539.0,6126.0,98.0,1202.0,24085.0,16705.0,15744.0,38624.0
14,AL,2021-1,5039877,457074.0,7688.0,481215.0,3233516.0,659400.0,353974.0,0.0,0.0,0.0,98413.0,2861.0,76912.0,372353.0,0.0,0.0,0.0
15,AL,2021-2,5039877,490687.0,9929.0,512888.0,3527348.0,1402280.0,942502.0,649745.0,0.0,0.0,33613.0,2241.0,31673.0,293832.0,649745.0,0.0,0.0
16,AL,2021-3,5039877,512823.0,10554.0,526869.0,3758746.0,2796630.0,1728736.0,1155139.0,656899.0,0.0,22136.0,625.0,13981.0,231398.0,505394.0,656899.0,0.0
17,AL,2021-4,5039877,525357.0,10896.0,538975.0,3940968.0,4088030.0,2591163.0,1589518.0,1143488.0,0.0,12534.0,342.0,12106.0,182222.0,434379.0,486589.0,0.0
18,AL,2021-5,5039877,540840.0,11146.0,549323.0,4099395.0,4578590.0,3021902.0,1766534.0,1432946.0,0.0,15483.0,250.0,10348.0,158427.0,177016.0,289458.0,0.0
19,AL,2021-6,5039877,548418.0,11352.0,555345.0,4215136.0,4813050.0,3350607.0,1954166.0,1594625.0,0.0,7578.0,206.0,6022.0,115741.0,187632.0,161679.0,0.0
20,AL,2021-7,5039877,583042.0,11536.0,591565.0,4383220.0,5159890.0,3587175.0,2117044.0,1683584.0,0.0,34624.0,184.0,36220.0,168084.0,162878.0,88959.0,0.0
21,AL,2021-8,5039877,697164.0,12283.0,699162.0,4732197.0,6127400.0,4136247.0,2442247.0,1880276.0,0.0,114122.0,747.0,107597.0,348977.0,325203.0,196692.0,0.0
22,AL,2021-9,5039877,793910.0,14299.0,767916.0,5064643.0,6665330.0,4532608.0,2583590.0,2089852.0,0.0,96746.0,2016.0,68754.0,332446.0,141343.0,209576.0,0.0
23,AL,2021-10,5039877,829482.0,15573.0,789045.0,5309099.0,7266450.0,4874827.0,2673656.0,2195532.0,217170.0,35572.0,1274.0,21129.0,244456.0,90066.0,105680.0,217170.0
24,AL,2021-11,5039877,843196.0,16119.0,799936.0,5519780.0,7834540.0,5242493.0,2772024.0,2264466.0,419340.0,13714.0,546.0,10891.0,210681.0,98368.0,68934.0,202170.0
25,AL,2021-12,5039877,894049.0,16455.0,845915.0,5762882.0,8056140.0,5639733.0,2873131.0,2338278.0,640227.0,50853.0,336.0,45979.0,243102.0,101107.0,73812.0,220887.0
27,AR,2021-1,3025891,295268.0,4868.0,215763.0,2074811.0,453700.0,303793.0,0.0,0.0,0.0,70130.0,1192.0,37215.0,297534.0,0.0,0.0,0.0
28,AR,2021-2,3025891,322415.0,5243.0,226397.0,2229822.0,892660.0,649311.0,419502.0,0.0,0.0,27147.0,375.0,10634.0,155011.0,419502.0,0.0,0.0
29,AR,2021-3,3025891,330398.0,5626.0,230698.0,2382363.0,1763540.0,1183295.0,788277.0,419462.0,0.0,7983.0,383.0,4301.0,152541.0,368775.0,419462.0,0.0
30,AR,2021-4,3025891,335725.0,5739.0,233481.0,2492514.0,2636070.0,1787295.0,1071773.0,765888.0,0.0,5327.0,113.0,2783.0,110151.0,283496.0,346426.0,0.0
31,AR,2021-5,3025891,341381.0,5833.0,236151.0,2570263.0,2770540.0,2079708.0,1194244.0,941718.0,0.0,5656.0,94.0,2670.0,77749.0,122471.0,175830.0,0.0
32,AR,2021-6,3025891,349385.0,5909.0,239948.0,2648000.0,2837810.0,2229874.0,1262602.0,1029530.0,0.0,8004.0,76.0,3797.0,77737.0,68358.0,87812.0,0.0
33,AR,2021-7,3025891,386452.0,6141.0,257417.0,2801739.0,3046510.0,2442426.0,1412910.0,1097775.0,0.0,37067.0,232.0,17469.0,153739.0,150308.0,68245.0,0.0
34,AR,2021-8,3025891,452891.0,6934.0,290032.0,3058605.0,3733940.0,2795401.0,1604567.0,1253068.0,0.0,66439.0,793.0,32615.0,256866.0,191657.0,155293.0,0.0
35,AR,2021-9,3025891,496077.0,7691.0,309686.0,3263496.0,4045050.0,3018302.0,1681692.0,1375964.0,0.0,43186.0,757.0,19654.0,204891.0,77125.0,122896.0,0.0
36,AR,2021-10,3025891,513215.0,8376.0,319373.0,3419588.0,4454210.0,3256987.0,1751741.0,1449656.0,155638.0,17138.0,685.0,9687.0,156092.0,70049.0,73692.0,155638.0
37,AR,2021-11,3025891,528838.0,8667.0,327751.0,3551207.0,4857070.0,3524081.0,1824522.0,1488357.0,312682.0,15623.0,291.0,8378.0,131619.0,72781.0,38701.0,157044.0
38,AR,2021-12,3025891,566486.0,9148.0,352960.0,3725654.0,4989160.0,3800300.0,1892990.0,1545572.0,467409.0,37648.0,481.0,25209.0,174447.0,68468.0,57215.0,154727.0
40,AZ,2021-1,7276316,757235.0,13120.0,785858.0,5085978.0,1013375.0,594104.0,0.0,0.0,0.0,234747.0,4241.0,211769.0,954524.0,0.0,0.0,0.0
41,AZ,2021-2,7276316,815891.0,15980.0,840956.0,5701113.0,2148015.0,1792447.0,1220706.0,0.0,0.0,58656.0,2860.0,55098.0,615135.0,1220706.0,0.0,0.0
42,AZ,2021-3,7276316,840470.0,16967.0,863575.0,6237296.0,4304045.0,3451567.0,2157694.0,1242599.0,0.0,24579.0,987.0,22619.0,536183.0,936988.0,1242599.0,0.0
43,AZ,2021-4,7276316,861156.0,17324.0,884691.0,6712191.0,6610725.0,5070403.0,2960823.0,2106896.0,0.0,20686.0,357.0,21116.0,474895.0,803129.0,864297.0,0.0
44,AZ,2021-5,7276316,880109.0,17628.0,902753.0,7099956.0,7807315.0,5967929.0,3371853.0,2624164.0,0.0,18953.0,304.0,18062.0,387765.0,411030.0,517268.0,0.0
45,AZ,2021-6,7276316,893534.0,17936.0,916084.0,7399513.0,8111060.0,6496635.0,3607576.0,2929104.0,0.0,13425.0,308.0,13331.0,299557.0,235723.0,304940.0,0.0
46,AZ,2021-7,7276316,925894.0,18246.0,953900.0,7729285.0,8577780.0,7099611.0,3862065.0,3294048.0,0.0,32360.0,310.0,37816.0,329772.0,254489.0,364944.0,0.0
47,AZ,2021-8,7276316,1010582.0,18786.0,1048783.0,8490145.0,9336690.0,7573202.0,4126485.0,3485349.0,0.0,84688.0,540.0,94883.0,760860.0,264420.0,191301.0,0.0
48,AZ,2021-9,7276316,1092242.0,19984.0,1127883.0,9165125.0,9852670.0,8214287.0,4315832.0,3718393.0,0.0,81660.0,1198.0,79100.0,674980.0,189347.0,233044.0,0.0
49,AZ,2021-10,7276316,1167559.0,21154.0,1199056.0,9773787.0,10824600.0,8814272.0,4459210.0,3866294.0,365601.0,75317.0,1170.0,71173.0,608662.0,143378.0,147901.0,365601.0
50,AZ,2021-11,7276316,1268439.0,22307.0,1299302.0,10399126.0,11729770.0,9594424.0,4680309.0,3979250.0,781987.0,100880.0,1153.0,100246.0,625339.0,221099.0,112956.0,416386.0
51,AZ,2021-12,7276316,1380147.0,24229.0,1414506.0,11060156.0,12598570.0,10525237.0,4907791.0,4155417.0,1262893.0,111708.0,1922.0,115204.0,661030.0,227482.0,176167.0,480906.0
53,CA,2021-1,39237836,3324064.0,40928.0,3329116.0,34115757.0,5666550.0,3285351.0,0.0,0.0,0.0,1016204.0,14963.0,944670.0,6612021.0,0.0,0.0,0.0
54,CA,2021-2,39237836,3569578.0,52213.0,3543233.0,38076761.0,11587650.0,8821044.0,6141765.0,0.0,0.0,245514.0,11285.0,214117.0,3961004.0,6141765.0,0.0,0.0
55,CA,2021-3,39237836,3669048.0,59260.0,3634089.0,42725539.0,23660110.0,18223412.0,12120118.0,6348325.0,0.0,99470.0,7047.0,90856.0,4648778.0,5978353.0,6348325.0,0.0
56,CA,2021-4,39237836,3742224.0,61756.0,3707296.0,47805439.0,38918500.0,30223491.0,19178415.0,11945441.0,0.0,73176.0,2496.0,73207.0,5079900.0,7058297.0,5597116.0,0.0
57,CA,2021-5,39237836,3789883.0,63249.0,3751268.0,52390557.0,47404720.0,38398021.0,22461033.0,17069789.0,0.0,47659.0,1493.0,43972.0,4585118.0,3282618.0,5124348.0,0.0
58,CA,2021-6,39237836,3816704.0,63662.0,3788221.0,56026349.0,49139975.0,42644084.0,24241875.0,19679334.0,0.0,26821.0,413.0,36953.0,3635792.0,1780842.0,2609545.0,0.0
59,CA,2021-7,39237836,4037490.0,64417.0,3960902.0,59475822.0,51018395.0,45139705.0,25611830.0,20870533.0,0.0,220786.0,755.0,172681.0,3449473.0,1369955.0,1191199.0,0.0
60,CA,2021-8,39237836,4449186.0,65863.0,4403009.0,66803594.0,54948675.0,48012379.0,27215365.0,22075470.0,0.0,411696.0,1446.0,442107.0,7327772.0,1603535.0,1204937.0,0.0
61,CA,2021-9,39237836,4739046.0,69278.0,4723914.0,75998120.0,58398465.0,50639664.0,28341309.0,23302641.0,0.0,289860.0,3415.0,320905.0,9194526.0,1125944.0,1227171.0,0.0
62,CA,2021-10,39237836,4917683.0,72140.0,4936852.0,84792872.0,63317305.0,54303185.0,29473427.0,24224020.0,2201920.0,178637.0,2862.0,212938.0,8794752.0,1132118.0,921379.0,2201920.0
63,CA,2021-11,39237836,5085477.0,74670.0,5121341.0,92277831.0,70629795.0,59597608.0,31147534.0,24958124.0,5124890.0,167794.0,2530.0,184489.0,7484959.0,1674107.0,734104.0,2922970.0
64,CA,2021-12,39237836,5515613.0,76709.0,5794783.0,100833787.0,76260895.0,66007187.0,32771983.0,26170768.0,8754917.0,430136.0,2039.0,673442.0,8555956.0,1624449.0,1212644.0,3630027.0
66,CO,2021-1,5812069,397138.0,5711.0,405126.0,4747611.0,813400.0,569234.0,0.0,0.0,0.0,61559.0,832.0,56550.0,885995.0,0.0,0.0,0.0
67,CO,2021-2,5812069,430970.0,6045.0,433421.0,5425198.0,1700660.0,1371577.0,901484.0,0.0,0.0,33832.0,334.0,28295.0,677587.0,901484.0,0.0,0.0
68,CO,2021-3,5812069,464782.0,6175.0,465187.0,6112531.0,3330360.0,2691248.0,1720668.0,1008589.0,0.0,33812.0,130.0,31766.0,687333.0,819184.0,1008589.0,0.0
69,CO,2021-4,5812069,513752.0,6432.0,514915.0,6794281.0,5395910.0,4442828.0,2677574.0,1856500.0,0.0,48970.0,257.0,49728.0,681750.0,956906.0,847911.0,0.0
70,CO,2021-5,5812069,546168.0,6723.0,547022.0,7379296.0,6773740.0,5613301.0,3121321.0,2611003.0,0.0,32416.0,291.0,32107.0,585015.0,443747.0,754503.0,0.0
71,CO,2021-6,5812069,560927.0,6947.0,558532.0,7754488.0,7025015.0,6188964.0,3335253.0,2984290.0,0.0,14759.0,224.0,11510.0,375192.0,213932.0,373287.0,0.0
72,CO,2021-7,5812069,578499.0,7097.0,578112.0,8108684.0,7263485.0,6473244.0,3472145.0,3134331.0,0.0,17572.0,150.0,19580.0,354196.0,136892.0,150041.0,0.0
73,CO,2021-8,5812069,619083.0,7319.0,623466.0,8688270.0,7830075.0,6823463.0,3649243.0,3278325.0,0.0,40584.0,222.0,45354.0,579586.0,177098.0,143994.0,0.0
74,CO,2021-9,5812069,674847.0,7731.0,683728.0,9471988.0,8145395.0,7177109.0,3777400.0,3419720.0,0.0,55764.0,412.0,60262.0,783718.0,128157.0,141395.0,0.0
75,CO,2021-10,5812069,745569.0,8376.0,758042.0,10268382.0,9024035.0,7748753.0,3897674.0,3549708.0,451318.0,70722.0,645.0,74314.0,796394.0,120274.0,129988.0,451318.0
76,CO,2021-11,5812069,834363.0,9383.0,852909.0,11105331.0,10151485.0,8613796.0,4116507.0,3642399.0,1002034.0,88794.0,1007.0,94867.0,836949.0,218833.0,92691.0,550716.0
77,CO,2021-12,5812069,933257.0,10480.0,982735.0,11977218.0,10855475.0,9546052.0,4300086.0,3818578.0,1570580.0,98894.0,1097.0,129826.0,871887.0,183579.0,176179.0,568546.0
79,CT,2021-1,3605597,249199.0,7046.0,368731.0,5458341.0,578600.0,436842.0,0.0,0.0,0.0,64315.0,1051.0,78107.0,1037613.0,0.0,0.0,0.0
80,CT,2021-2,3605597,279122.0,7622.0,405604.0,6467048.0,1198495.0,1004467.0,690663.0,0.0,0.0,29923.0,576.0,36873.0,1008707.0,690663.0,0.0,0.0
81,CT,2021-3,3605597,310064.0,7886.0,438166.0,7398565.0,2426455.0,1954259.0,1262503.0,725544.0,0.0,30942.0,264.0,32562.0,931517.0,571840.0,725544.0,0.0
82,CT,2021-4,3605597,338409.0,8097.0,466162.0,8285837.0,3875845.0,3220725.0,1952869.0,1372774.0,0.0,28345.0,211.0,27996.0,887272.0,690366.0,647230.0,0.0
83,CT,2021-5,3605597,346517.0,8238.0,472787.0,8747004.0,4551515.0,4038384.0,2257725.0,1910663.0,0.0,8108.0,141.0,6625.0,461167.0,304856.0,537889.0,0.0
84,CT,2021-6,3605597,348528.0,8278.0,474366.0,9048287.0,4718695.0,4405405.0,2387807.0,2162465.0,0.0,2011.0,40.0,1579.0,301283.0,130082.0,251802.0,0.0
85,CT,2021-7,3605597,353511.0,8293.0,479993.0,9310702.0,4940555.0,4592286.0,2491746.0,2256204.0,0.0,4983.0,15.0,5627.0,262415.0,103939.0,93739.0,0.0
86,CT,2021-8,3605597,372248.0,8358.0,498609.0,9724180.0,5305485.0,4822787.0,2624686.0,2353097.0,0.0,18737.0,65.0,18616.0,413478.0,132940.0,96893.0,0.0
87,CT,2021-9,3605597,389521.0,8629.0,514971.0,10231878.0,5614115.0,5039727.0,2717597.0,2449489.0,0.0,17273.0,271.0,16362.0,507698.0,92911.0,96392.0,0.0
88,CT,2021-10,3605597,401759.0,8764.0,530111.0,10849473.0,6211115.0,5401889.0,2817384.0,2519770.0,246340.0,12238.0,135.0,15140.0,617595.0,99787.0,70281.0,246340.0
89,CT,2021-11,3605597,420868.0,8905.0,554233.0,11397159.0,6803905.0,5997289.0,2997942.0,2567127.0,611057.0,19109.0,141.0,24122.0,547686.0,180558.0,47357.0,364717.0
90,CT,2021-12,3605597,509364.0,9160.0,663327.0,12148233.0,7421625.0,6661686.0,3165940.0,2662379.0,1023396.0,88496.0,255.0,109094.0,751074.0,167998.0,95252.0,412339.0
92,DC,2021-1,1003384,36872.0,913.0,52593.0,1247669.0,0.0,0.0,0.0,0.0,0.0,7889.0,127.0,11004.0,222045.0,0.0,0.0,0.0
93,DC,2021-2,1003384,40598.0,1017.0,58041.0,1407460.0,0.0,0.0,0.0,0.0,0.0,3726.0,104.0,5448.0,159791.0,0.0,0.0,0.0
94,DC,2021-3,1003384,44513.0,1064.0,63058.0,1593864.0,0.0,0.0,0.0,0.0,0.0,3915.0,47.0,5017.0,186404.0,0.0,0.0,0.0
95,DC,2021-4,1003384,47697.0,1105.0,67334.0,1768942.0,0.0,0.0,0.0,0.0,0.0,3184.0,41.0,4276.0,175078.0,0.0,0.0,0.0
96,DC,2021-5,1003384,48898.0,1132.0,68979.0,1897122.0,0.0,0.0,0.0,0.0,0.0,1201.0,27.0,1645.0,128180.0,0.0,0.0,0.0
97,DC,2021-6,1003384,49335.0,1141.0,69539.0,1999375.0,0.0,0.0,0.0,0.0,0.0,437.0,9.0,560.0,102253.0,0.0,0.0,0.0
98,DC,2021-7,1003384,50398.0,1149.0,71586.0,2096751.0,0.0,0.0,0.0,0.0,0.0,1063.0,8.0,2047.0,97376.0,0.0,0.0,0.0
99,DC,2021-8,1003384,55431.0,1160.0,78923.0,2283577.0,0.0,0.0,0.0,0.0,0.0,5033.0,11.0,7337.0,186826.0,0.0,0.0,0.0
100,DC,2021-9,1003384,61153.0,1174.0,87914.0,2612954.0,0.0,0.0,0.0,0.0,0.0,5722.0,14.0,8991.0,329377.0,0.0,0.0,0.0
101,DC,2021-10,1003384,64240.0,1190.0,92903.0,2957049.0,0.0,0.0,0.0,0.0,0.0,3087.0,16.0,4989.0,344095.0,0.0,0.0,0.0
102,DC,2021-11,1003384,66912.0,1196.0,96906.0,3250532.0,0.0,0.0,0.0,0.0,0.0,2672.0,6.0,4003.0,293483.0,0.0,0.0,0.0
103,DC,2021-12,1003384,94286.0,1211.0,152975.0,3650315.0,0.0,0.0,0.0,0.0,0.0,27374.0,15.0,56069.0,399783.0,0.0,0.0,0.0
105,DE,2021-1,670050,78071.0,1090.0,95222.0,1353823.0,143775.0,99954.0,0.0,0.0,0.0,20615.0,164.0,24134.0,263345.0,0.0,0.0,0.0
106,DE,2021-2,670050,86799.0,1422.0,104826.0,1526793.0,291815.0,219312.0,144139.0,0.0,0.0,8728.0,332.0,9604.0,172970.0,144139.0,0.0,0.0
107,DE,2021-3,670050,94802.0,1559.0,112683.0,1706255.0,592965.0,463476.0,302043.0,159773.0,0.0,8003.0,137.0,7857.0,179462.0,157904.0,159773.0,0.0
108,DE,2021-4,670050,104405.0,1625.0,122196.0,1870376.0,976405.0,759503.0,454621.0,316204.0,0.0,9603.0,66.0,9513.0,164121.0,152578.0,156431.0,0.0
109,DE,2021-5,670050,108866.0,1661.0,125840.0,1982447.0,1225135.0,941707.0,533291.0,422071.0,0.0,4461.0,36.0,3644.0,112071.0,78670.0,105867.0,0.0
110,DE,2021-6,670050,109744.0,1694.0,126718.0,2052334.0,1277375.0,1039175.0,565910.0,487131.0,0.0,878.0,33.0,878.0,69887.0,32619.0,65060.0,0.0
111,DE,2021-7,670050,111407.0,1833.0,128574.0,2115479.0,1339435.0,1090237.0,591094.0,513528.0,0.0,1663.0,139.0,1856.0,63145.0,25184.0,26397.0,0.0
112,DE,2021-8,670050,119852.0,1880.0,137566.0,2237526.0,1457035.0,1152144.0,624092.0,538656.0,0.0,8445.0,47.0,8992.0,122047.0,32998.0,25128.0,0.0
113,DE,2021-9,670050,132963.0,1954.0,151700.0,2407819.0,1556725.0,1202549.0,645849.0,561269.0,0.0,13111.0,74.0,14134.0,170293.0,21757.0,22613.0,0.0
114,DE,2021-10,670050,144198.0,2091.0,163681.0,2576841.0,1708865.0,1290723.0,670446.0,581584.0,51034.0,11235.0,137.0,11981.0,169022.0,24597.0,20315.0,51034.0
115,DE,2021-11,670050,153190.0,2178.0,174693.0,2732143.0,1859875.0,1446819.0,711525.0,599832.0,140818.0,8992.0,87.0,11012.0,155302.0,41079.0,18248.0,89784.0
116,DE,2021-12,670050,180366.0,2286.0,210325.0,2942688.0,1976495.0,1587750.0,747929.0,625661.0,216993.0,27176.0,108.0,35632.0,210545.0,36404.0,25829.0,76175.0
118,FL,2021-1,21781128,1717499.0,26478.0,2155890.0,18438763.0,3396350.0,1959626.0,0.0,0.0,0.0,398062.0,4806.0,405404.0,2930274.0,0.0,0.0,0.0
119,FL,2021-2,21781128,1905343.0,30851.0,2363855.0,20697168.0,6313355.0,5044420.0,3163425.0,0.0,0.0,187844.0,4373.0,207965.0,2258405.0,3163425.0,0.0,0.0
120,FL,2021-3,21781128,2053857.0,33424.0,2540647.0,22964444.0,13153105.0,9563326.0,6005354.0,3384591.0,0.0,148514.0,2573.0,176792.0,2267276.0,2841929.0,3384591.0,0.0
121,FL,2021-4,21781128,2229640.0,35160.0,2735084.0,25103267.0,20748875.0,15159919.0,8939454.0,6224705.0,0.0,175783.0,1736.0,194437.0,2138823.0,2934100.0,2840114.0,0.0
122,FL,2021-5,21781128,2316940.0,36773.0,2836628.0,26866951.0,23702095.0,18821195.0,10588627.0,8414427.0,0.0,87300.0,1613.0,101544.0,1763684.0,1649173.0,2189722.0,0.0
123,FL,2021-6,21781128,2325614.0,37877.0,2895629.0,28275169.0,24920045.0,21063050.0,11520560.0,9842541.0,0.0,8674.0,1104.0,59001.0,1408218.0,931933.0,1428114.0,0.0
124,FL,2021-7,21781128,2586829.0,39079.0,3209348.0,30107776.0,26352985.0,22548575.0,12392995.0,10497212.0,0.0,261215.0,1202.0,313719.0,1832607.0,872435.0,654671.0,0.0
125,FL,2021-8,21781128,3246584.0,44561.0,3912017.0,33252313.0,30261905.0,24897414.0,13705058.0,11383472.0,0.0,659755.0,5482.0,702669.0,3144537.0,1312063.0,886260.0,0.0
126,FL,2021-9,21781128,3566882.0,55009.0,4229182.0,35879204.0,32885835.0,26780337.0,14377111.0,12301042.0,0.0,320298.0,10448.0,317165.0,2626891.0,672053.0,917570.0,0.0
127,FL,2021-10,21781128,3645073.0,59670.0,4325019.0,37896030.0,35515625.0,28594539.0,14846690.0,12832435.0,1294228.0,78191.0,4661.0,95837.0,2016826.0,469579.0,531393.0,1294228.0
128,FL,2021-11,21781128,3687550.0,61548.0,4374584.0,39654472.0,38559025.0,30948643.0,15422450.0,13184332.0,2655035.0,42477.0,1878.0,49565.0,1758442.0,575760.0,351897.0,1360807.0
129,FL,2021-12,21781128,4162522.0,62504.0,5040982.0,42535606.0,40637295.0,33736822.0,16024367.0,13620163.0,4315710.0,474972.0,956.0,666398.0,2881134.0,601917.0,435831.0,1660675.0
131,GA,2021-1,10799566,885249.0,13778.0,704556.0,5553956.0,1449800.0,906186.0,0.0,0.0,0.0,241184.0,3190.0,142479.0,758739.0,0.0,0.0,0.0
132,GA,2021-2,10799566,981844.0,16757.0,765440.0,6186222.0,2881145.0,2072451.0,1259837.0,0.0,0.0,96595.0,2979.0,60884.0,632266.0,1259837.0,0.0,0.0
133,GA,2021-3,10799566,1035186.0,18473.0,796437.0,6725576.0,5777435.0,3855859.0,2515040.0,1301323.0,0.0,53342.0,1716.0,30997.0,539354.0,1255203.0,1301323.0,0.0
134,GA,2021-4,10799566,1075835.0,19564.0,822192.0,7177761.0,9368775.0,6306091.0,3709017.0,2591190.0,0.0,40649.0,1091.0,25755.0,452185.0,1193977.0,1289867.0,0.0
135,GA,2021-5,10799566,1099169.0,20180.0,837253.0,7576087.0,10750095.0,7561722.0,4214135.0,3380780.0,0.0,23334.0,616.0,15061.0,398326.0,505118.0,789590.0,0.0
136,GA,2021-6,10799566,1110094.0,20729.0,843688.0,7912369.0,11184635.0,8422803.0,4598121.0,3884556.0,0.0,10925.0,549.0,6435.0,336282.0,383986.0,503776.0,0.0
137,GA,2021-7,10799566,1153494.0,20978.0,882032.0,8311142.0,11795685.0,8941174.0,4911568.0,4104779.0,0.0,43400.0,249.0,38344.0,398773.0,313447.0,220223.0,0.0
138,GA,2021-8,10799566,1372605.0,22007.0,1076695.0,9214581.0,13206095.0,9718567.0,5400175.0,4376696.0,0.0,219111.0,1029.0,194663.0,903439.0,488607.0,271917.0,0.0
139,GA,2021-9,10799566,1544381.0,25224.0,1209698.0,10113024.0,14475205.0,10673110.0,5828605.0,4823331.0,0.0,171776.0,3217.0,133003.0,898443.0,428430.0,446635.0,0.0
140,GA,2021-10,10799566,1598021.0,28038.0,1248022.0,10772780.0,15815485.0,11481688.0,6041368.0,5116398.0,427719.0,53640.0,2814.0,38324.0,659756.0,212763.0,293067.0,427719.0
141,GA,2021-11,10799566,1629989.0,29387.0,1270433.0,11367919.0,17344405.0,12365170.0,6270058.0,5269572.0,939937.0,31968.0,1349.0,22411.0,595139.0,228690.0,153174.0,512218.0
142,GA,2021-12,10799566,1798497.0,30283.0,1486990.0,12133303.0,18321585.0,13372602.0,6515061.0,5430775.0,1529709.0,168508.0,896.0,216557.0,765384.0,245003.0,161203.0,589772.0
144,HI,2021-1,1441553,25786.0,407.0,29833.0,909409.0,0.0,0.0,0.0,0.0,0.0,4327.0,121.0,4443.0,142579.0,0.0,0.0,0.0
145,HI,2021-2,1441553,27473.0,436.0,32033.0,1050727.0,0.0,0.0,0.0,0.0,0.0,1687.0,29.0,2200.0,141318.0,0.0,0.0,0.0
146,HI,2021-3,1441553,29779.0,460.0,34647.0,1212049.0,0.0,0.0,0.0,0.0,0.0,2306.0,24.0,2614.0,161322.0,0.0,0.0,0.0
147,HI,2021-4,1441553,32767.0,480.0,37556.0,1372056.0,0.0,0.0,0.0,0.0,0.0,2988.0,20.0,2909.0,160007.0,0.0,0.0,0.0
148,HI,2021-5,1441553,35035.0,497.0,39946.0,1538377.0,0.0,0.0,0.0,0.0,0.0,2268.0,17.0,2390.0,166321.0,0.0,0.0,0.0
149,HI,2021-6,1441553,36391.0,514.0,41578.0,1662029.0,0.0,0.0,0.0,0.0,0.0,1356.0,17.0,1632.0,123652.0,0.0,0.0,0.0
150,HI,2021-7,1441553,40643.0,534.0,47233.0,1783229.0,0.0,0.0,0.0,0.0,0.0,4252.0,20.0,5655.0,121200.0,0.0,0.0,0.0
151,HI,2021-8,1441553,61353.0,586.0,70453.0,2044667.0,0.0,0.0,0.0,0.0,0.0,20710.0,52.0,23220.0,261438.0,0.0,0.0,0.0
152,HI,2021-9,1441553,76784.0,779.0,86435.0,2277492.0,0.0,0.0,0.0,0.0,0.0,15431.0,193.0,15982.0,232825.0,0.0,0.0,0.0
153,HI,2021-10,1441553,81586.0,913.0,90512.0,2421291.0,0.0,0.0,0.0,0.0,0.0,4802.0,134.0,4077.0,143799.0,0.0,0.0,0.0
154,HI,2021-11,1441553,84760.0,1015.0,92952.0,2566457.0,0.0,0.0,0.0,0.0,0.0,3174.0,102.0,2440.0,145166.0,0.0,0.0,0.0
155,HI,2021-12,1441553,109576.0,1087.0,108519.0,2705097.0,0.0,0.0,0.0,0.0,0.0,24816.0,72.0,15567.0,138640.0,0.0,0.0,0.0
157,IA,2021-1,3193079,319408.0,4901.0,323428.0,2427873.0,417900.0,252202.0,0.0,0.0,0.0,37696.0,1010.0,31411.0,255268.0,0.0,0.0,0.0
158,IA,2021-2,3193079,336455.0,5470.0,338253.0,2623817.0,901745.0,713054.0,534690.0,0.0,0.0,17047.0,569.0,14825.0,195944.0,534690.0,0.0,0.0
159,IA,2021-3,3193079,351402.0,5743.0,351243.0,2834416.0,1816015.0,1539664.0,970567.0,610099.0,0.0,14947.0,273.0,12990.0,210599.0,435877.0,610099.0,0.0
160,IA,2021-4,3193079,364841.0,5950.0,363567.0,3023946.0,2801085.0,2378407.0,1389825.0,1066664.0,0.0,13439.0,207.0,12324.0,189530.0,419258.0,456565.0,0.0
161,IA,2021-5,3193079,371424.0,6055.0,369713.0,3167624.0,3326855.0,2846992.0,1554536.0,1383130.0,0.0,6583.0,105.0,6146.0,143678.0,164711.0,316466.0,0.0
162,IA,2021-6,3193079,373861.0,6138.0,372488.0,3266445.0,3453335.0,3035131.0,1621227.0,1513342.0,0.0,2437.0,83.0,2775.0,98821.0,66691.0,130212.0,0.0
163,IA,2021-7,3193079,379797.0,6183.0,381855.0,3363216.0,3595355.0,3141289.0,1681029.0,1565884.0,0.0,5936.0,45.0,9367.0,96771.0,59802.0,52542.0,0.0
164,IA,2021-8,3193079,404747.0,6268.0,412915.0,3559023.0,3863075.0,3305699.0,1775951.0,1632205.0,0.0,24950.0,85.0,31060.0,195807.0,94922.0,66321.0,0.0
165,IA,2021-9,3193079,452057.0,6563.0,454075.0,3841185.0,4223075.0,3452574.0,1832730.0,1702842.0,0.0,47310.0,295.0,41160.0,282162.0,56779.0,70637.0,0.0
166,IA,2021-10,3193079,486132.0,6965.0,483355.0,4062437.0,4714875.0,3730566.0,1881585.0,1752576.0,217218.0,34075.0,402.0,29280.0,221252.0,48855.0,49734.0,217218.0
167,IA,2021-11,3193079,525458.0,7354.0,522223.0,4298741.0,5293655.0,4200551.0,1975709.0,1790001.0,544522.0,39326.0,389.0,38868.0,236304.0,94124.0,37425.0,327304.0
168,IA,2021-12,3193079,575501.0,7858.0,569881.0,4566016.0,5660075.0,4636337.0,2050210.0,1862192.0,831819.0,50043.0,504.0,47658.0,267275.0,74501.0,72191.0,287297.0
170,ID,2021-1,1900923,0.0,1727.0,205894.0,968741.0,0.0,0.0,0.0,0.0,0.0,0.0,289.0,21841.0,136188.0,0.0,0.0,0.0
171,ID,2021-2,1900923,0.0,1862.0,213875.0,1077674.0,0.0,0.0,0.0,0.0,0.0,0.0,135.0,7981.0,108933.0,0.0,0.0,0.0
172,ID,2021-3,1900923,0.0,1965.0,221074.0,1194621.0,0.0,0.0,0.0,0.0,0.0,0.0,103.0,7199.0,116947.0,0.0,0.0,0.0
173,ID,2021-4,1900923,0.0,2048.0,225969.0,1294128.0,0.0,0.0,0.0,0.0,0.0,0.0,83.0,4895.0,99507.0,0.0,0.0,0.0
174,ID,2021-5,1900923,0.0,2092.0,229567.0,1369905.0,0.0,0.0,0.0,0.0,0.0,0.0,44.0,3598.0,75777.0,0.0,0.0,0.0
175,ID,2021-6,1900923,0.0,2154.0,232657.0,1436182.0,0.0,0.0,0.0,0.0,0.0,0.0,62.0,3090.0,66277.0,0.0,0.0,0.0
176,ID,2021-7,1900923,0.0,2199.0,240422.0,1505843.0,0.0,0.0,0.0,0.0,0.0,0.0,45.0,7765.0,69661.0,0.0,0.0,0.0
177,ID,2021-8,1900923,0.0,2364.0,274271.0,1637562.0,0.0,0.0,0.0,0.0,0.0,0.0,165.0,33849.0,131719.0,0.0,0.0,0.0
178,ID,2021-9,1900923,0.0,2908.0,339412.0,1822894.0,0.0,0.0,0.0,0.0,0.0,0.0,544.0,65141.0,185332.0,0.0,0.0,0.0
179,ID,2021-10,1900923,0.0,3539.0,381203.0,1989123.0,0.0,0.0,0.0,0.0,0.0,0.0,631.0,41791.0,166229.0,0.0,0.0,0.0
180,ID,2021-11,1900923,0.0,3930.0,399984.0,2133627.0,0.0,0.0,0.0,0.0,0.0,0.0,391.0,18781.0,144504.0,0.0,0.0,0.0
181,ID,2021-12,1900923,0.0,4163.0,419706.0,2264985.0,0.0,0.0,0.0,0.0,0.0,0.0,233.0,19722.0,131358.0,0.0,0.0,0.0
183,IL,2021-1,12671469,1128505.0,21242.0,1140658.0,12491225.0,1696575.0,1011454.0,0.0,0.0,0.0,162665.0,3263.0,134549.0,1889740.0,0.0,0.0,0.0
184,IL,2021-2,12671469,1189922.0,22735.0,1192903.0,14068207.0,3575135.0,2824209.0,2004662.0,0.0,0.0,61417.0,1493.0,52245.0,1576982.0,2004662.0,0.0,0.0
185,IL,2021-3,12671469,1248133.0,23579.0,1243250.0,15826658.0,7493325.0,5932882.0,3930026.0,2089452.0,0.0,58211.0,844.0,50347.0,1758451.0,1925364.0,2089452.0,0.0
186,IL,2021-4,12671469,1338687.0,24291.0,1324593.0,17628266.0,12065595.0,9445420.0,5883255.0,3855677.0,0.0,90554.0,712.0,81343.0,1801608.0,1953229.0,1766225.0,0.0
187,IL,2021-5,12671469,1386189.0,25223.0,1364772.0,19069987.0,14140165.0,11679098.0,6973555.0,5079997.0,0.0,47502.0,932.0,40179.0,1441721.0,1090300.0,1224320.0,0.0
188,IL,2021-6,12671469,1395863.0,25674.0,1374369.0,20055848.0,14656855.0,12971273.0,7528743.0,5849947.0,0.0,9674.0,451.0,9597.0,985861.0,555188.0,769950.0,0.0
189,IL,2021-7,12671469,1423574.0,25916.0,1403065.0,20892980.0,15445035.0,13637169.0,7900903.0,6151554.0,0.0,27711.0,242.0,28696.0,837132.0,372160.0,301607.0,0.0
190,IL,2021-8,12671469,1527348.0,26500.0,1492293.0,22393020.0,16779635.0,14635816.0,8358927.0,6489267.0,0.0,103774.0,584.0,89228.0,1500040.0,458024.0,337713.0,0.0
191,IL,2021-9,12671469,1632653.0,27665.0,1581938.0,24819572.0,17846765.0,15320266.0,8671706.0,6780671.0,0.0,105305.0,1165.0,89645.0,2426552.0,312779.0,291404.0,0.0
192,IL,2021-10,12671469,1700907.0,28620.0,1643535.0,27392234.0,19514815.0,16217117.0,8314126.0,7656805.0,798750.0,68254.0,955.0,61597.0,2572662.0,-357580.0,876134.0,798750.0
193,IL,2021-11,12671469,1815121.0,29376.0,1754519.0,30083493.0,21492285.0,17923603.0,8799259.0,7821119.0,1896513.0,114214.0,756.0,110984.0,2691259.0,485133.0,164314.0,1097763.0
194,IL,2021-12,12671469,2154058.0,31017.0,2126923.0,33328666.0,23227295.0,19838586.0,9149557.0,8133101.0,3156920.0,338937.0,1641.0,372404.0,3245173.0,350298.0,311982.0,1260407.0
196,IN,2021-1,6805985,629397.0,9974.0,736110.0,5738225.0,931500.0,607185.0,0.0,0.0,0.0,115338.0,1711.0,96838.0,671015.0,0.0,0.0,0.0
197,IN,2021-2,6805985,664484.0,12573.0,766075.0,6329373.0,1848620.0,1590344.0,1004776.0,0.0,0.0,35087.0,2599.0,29965.0,591148.0,1004776.0,0.0,0.0
198,IN,2021-3,6805985,689389.0,13039.0,788332.0,6916754.0,3532620.0,2787166.0,1701299.0,1123914.0,0.0,24905.0,466.0,22257.0,587381.0,696523.0,1123914.0,0.0
199,IN,2021-4,6805985,723345.0,13332.0,816134.0,7412808.0,5479210.0,4144890.0,2423986.0,1804874.0,0.0,33956.0,293.0,27802.0,496054.0,722687.0,680960.0,0.0
200,IN,2021-5,6805985,746636.0,13620.0,836995.0,7781132.0,6437880.0,5112710.0,2816254.0,2388827.0,0.0,23291.0,288.0,20861.0,368324.0,392268.0,583953.0,0.0
201,IN,2021-6,6805985,756883.0,13850.0,843794.0,7999133.0,6681520.0,5587519.0,2999366.0,2686766.0,0.0,10247.0,230.0,6799.0,218001.0,183112.0,297939.0,0.0
202,IN,2021-7,6805985,774266.0,14005.0,859870.0,8202581.0,7037140.0,6072817.0,3180668.0,2977432.0,0.0,17383.0,155.0,16076.0,203448.0,181302.0,290666.0,0.0
203,IN,2021-8,6805985,861541.0,14491.0,945681.0,8764487.0,7671610.0,6419371.0,3376339.0,3116407.0,0.0,87275.0,486.0,85811.0,561906.0,195671.0,138975.0,0.0
204,IN,2021-9,6805985,965803.0,15658.0,1045189.0,9410268.0,8278420.0,6746850.0,3516361.0,3256806.0,0.0,104262.0,1167.0,99508.0,645781.0,140022.0,140399.0,0.0
205,IN,2021-10,6805985,1021806.0,16683.0,1099645.0,9887698.0,9124410.0,7245521.0,3620048.0,3357431.0,377050.0,56003.0,1025.0,54456.0,477430.0,103687.0,100625.0,377050.0
206,IN,2021-11,6805985,1104408.0,17557.0,1169948.0,10340932.0,10114580.0,7753762.0,3748072.0,3405083.0,715662.0,82602.0,874.0,70303.0,453234.0,128024.0,47652.0,338612.0
207,IN,2021-12,6805985,1250169.0,19037.0,1313894.0,10933808.0,11048730.0,8541494.0,3904600.0,3504367.0,1246826.0,145761.0,1480.0,143946.0,592876.0,156528.0,99284.0,531164.0
209,KS,2021-1,2934582,277633.0,3779.0,266939.0,2099517.0,413350.0,221469.0,0.0,0.0,0.0,52178.0,1038.0,41522.0,367766.0,0.0,0.0,0.0
210,KS,2021-2,2934582,296798.0,4735.0,280562.0,2331655.0,867585.0,609765.0,430237.0,0.0,0.0,19165.0,956.0,13623.0,232138.0,430237.0,0.0,0.0
211,KS,2021-3,2934582,304657.0,4913.0,286667.0,2506032.0,1787305.0,1290992.0,873196.0,491016.0,0.0,7859.0,178.0,6105.0,174377.0,442959.0,491016.0,0.0
212,KS,2021-4,2934582,311213.0,5025.0,292822.0,2658952.0,2749525.0,2015317.0,1238463.0,916534.0,0.0,6556.0,112.0,6155.0,152920.0,365267.0,425518.0,0.0
213,KS,2021-5,2934582,315860.0,5114.0,296806.0,2771414.0,2982945.0,2327157.0,1364521.0,1120082.0,0.0,4647.0,89.0,3984.0,112462.0,126058.0,203548.0,0.0
214,KS,2021-6,2934582,319584.0,5188.0,300017.0,2848985.0,3077435.0,2484177.0,1431086.0,1220611.0,0.0,3724.0,74.0,3211.0,77571.0,66565.0,100529.0,0.0
215,KS,2021-7,2934582,334159.0,5294.0,315394.0,2985695.0,3248875.0,2702724.0,1553668.0,1317263.0,0.0,14575.0,106.0,15377.0,136710.0,122582.0,96652.0,0.0
216,KS,2021-8,2934582,370128.0,5589.0,349240.0,3243629.0,3569815.0,2912590.0,1669999.0,1405739.0,0.0,35969.0,295.0,33846.0,257934.0,116331.0,88476.0,0.0
217,KS,2021-9,2934582,410041.0,6079.0,381037.0,3538675.0,3860775.0,3085006.0,1745045.0,1490136.0,0.0,39913.0,490.0,31797.0,295046.0,75046.0,84397.0,0.0
218,KS,2021-10,2934582,435701.0,6438.0,400368.0,3743193.0,4258815.0,3348974.0,1822866.0,1550938.0,156635.0,25660.0,359.0,19331.0,204518.0,77821.0,60802.0,156635.0
219,KS,2021-11,2934582,466340.0,6717.0,422982.0,3933464.0,4796995.0,3698563.0,1929195.0,1592112.0,355717.0,30639.0,279.0,22614.0,190271.0,106329.0,41174.0,199082.0
220,KS,2021-12,2934582,520500.0,7030.0,470033.0,4179863.0,5195855.0,4086291.0,2022600.0,1663055.0,561807.0,54160.0,313.0,47051.0,246399.0,93405.0,70943.0,206090.0
222,KY,2021-1,4509394,366357.0,3977.0,428635.0,2804025.0,650150.0,404705.0,0.0,0.0,0.0,98029.0,1021.0,86174.0,424520.0,0.0,0.0,0.0
223,KY,2021-2,4509394,407892.0,4786.0,458233.0,3083641.0,1317325.0,1020045.0,696591.0,0.0,0.0,41535.0,809.0,29598.0,279616.0,696591.0,0.0,0.0
224,KY,2021-3,4509394,429616.0,6151.0,475198.0,3453623.0,2572045.0,2100387.0,1386294.0,775208.0,0.0,21724.0,1365.0,16965.0,369982.0,689703.0,775208.0,0.0
225,KY,2021-4,4509394,446973.0,6620.0,486463.0,3746430.0,3930655.0,3142500.0,1834755.0,1420964.0,0.0,17357.0,469.0,11265.0,292807.0,448461.0,645756.0,0.0
226,KY,2021-5,4509394,459560.0,6938.0,496493.0,4001202.0,4318535.0,3650993.0,2075111.0,1719535.0,0.0,12587.0,318.0,10030.0,254772.0,240356.0,298571.0,0.0
227,KY,2021-6,4509394,465442.0,7267.0,501321.0,4180119.0,4456455.0,3994259.0,2209793.0,1942407.0,0.0,5882.0,329.0,4828.0,178917.0,134682.0,222872.0,0.0
228,KY,2021-7,4509394,483219.0,7378.0,518297.0,4382522.0,4706145.0,4194567.0,2326881.0,2035457.0,0.0,17777.0,111.0,16976.0,202403.0,117088.0,93050.0,0.0
229,KY,2021-8,4509394,579193.0,7826.0,602129.0,4863318.0,5195315.0,4554273.0,2548422.0,2167598.0,0.0,95974.0,448.0,83832.0,480796.0,221541.0,132141.0,0.0
230,KY,2021-9,4509394,696361.0,8858.0,700949.0,5464741.0,5742555.0,4930548.0,2712122.0,2337940.0,0.0,117168.0,1032.0,98820.0,601423.0,163700.0,170342.0,0.0
231,KY,2021-10,4509394,748382.0,9854.0,737094.0,5878969.0,6388275.0,4914845.0,2569056.0,2265793.0,265817.0,52021.0,996.0,36145.0,414228.0,-143066.0,-72147.0,265817.0
232,KY,2021-11,4509394,790108.0,11038.0,770088.0,6251458.0,7050425.0,5416861.0,2691894.0,2328897.0,572632.0,41726.0,1184.0,32994.0,372489.0,122838.0,63104.0,306815.0
233,KY,2021-12,4509394,864099.0,12149.0,842282.0,6711284.0,7447805.0,5904238.0,2794360.0,2424784.0,863745.0,73991.0,1111.0,72194.0,459826.0,102466.0,95887.0,291113.0
235,LA,2021-1,4624047,400626.0,8859.0,476937.0,4712642.0,648925.0,443715.0,0.0,0.0,0.0,85351.0,1371.0,63591.0,566139.0,0.0,0.0,0.0
236,LA,2021-2,4624047,430100.0,9608.0,496828.0,5143678.0,1331680.0,1056975.0,664121.0,0.0,0.0,29474.0,749.0,19891.0,431036.0,664121.0,0.0,0.0
237,LA,2021-3,4624047,444933.0,10141.0,508691.0,5584203.0,2719670.0,1963625.0,1219539.0,758829.0,0.0,14833.0,533.0,11863.0,440525.0,555418.0,758829.0,0.0
238,LA,2021-4,4624047,458581.0,10382.0,517525.0,5893995.0,3668620.0,2708891.0,1498488.0,1237494.0,0.0,13648.0,241.0,8834.0,309792.0,278949.0,478665.0,0.0
239,LA,2021-5,4624047,470685.0,10576.0,526646.0,6150872.0,3902740.0,3082449.0,1661375.0,1451257.0,0.0,12104.0,194.0,9121.0,256877.0,162887.0,213763.0,0.0
240,LA,2021-6,4624047,481467.0,10738.0,534230.0,6377039.0,4053370.0,3339493.0,1770559.0,1607808.0,0.0,10782.0,162.0,7584.0,226167.0,109184.0,156551.0,0.0
241,LA,2021-7,4624047,541679.0,10999.0,582852.0,6705674.0,4362920.0,3646097.0,1973114.0,1716556.0,0.0,60212.0,261.0,48622.0,328635.0,202555.0,108748.0,0.0
242,LA,2021-8,4624047,679796.0,12359.0,667755.0,7207096.0,5387580.0,4194618.0,2299546.0,1926190.0,0.0,138117.0,1360.0,84903.0,501422.0,326432.0,209634.0,0.0
243,LA,2021-9,4624047,740533.0,13949.0,695355.0,7577116.0,5798840.0,4518953.0,2405098.0,2111741.0,0.0,60737.0,1590.0,27600.0,370020.0,105552.0,185551.0,0.0
244,LA,2021-10,4624047,758471.0,14547.0,704585.0,7905544.0,6230460.0,4883767.0,2505901.0,2218162.0,240919.0,17938.0,598.0,9230.0,328428.0,100803.0,106421.0,240919.0
245,LA,2021-11,4624047,770894.0,14801.0,710714.0,8197160.0,6666280.0,5216884.0,2583849.0,2272670.0,444062.0,12423.0,254.0,6129.0,291616.0,77948.0,54508.0,203143.0
246,LA,2021-12,4624047,828695.0,14986.0,758241.0,8507770.0,6872750.0,5651941.0,2672643.0,2339252.0,722832.0,57801.0,185.0,47527.0,310610.0,88794.0,66582.0,278770.0
248,MA,2021-1,6984723,524025.0,14577.0,605517.0,13206135.0,1060900.0,579181.0,0.0,0.0,0.0,148847.0,2154.0,155696.0,2531209.0,0.0,0.0,0.0
249,MA,2021-2,6984723,581148.0,16118.0,663614.0,15585412.0,2091730.0,1735916.0,1220455.0,0.0,0.0,57123.0,1541.0,58097.0,2379277.0,1220455.0,0.0,0.0
250,MA,2021-3,6984723,635580.0,17185.0,721695.0,18215073.0,4270280.0,3611067.0,2362261.0,1307031.0,0.0,54432.0,1067.0,58081.0,2629661.0,1141806.0,1307031.0,0.0
251,MA,2021-4,6984723,688973.0,17610.0,772203.0,20524332.0,7304740.0,6174851.0,3858300.0,2506657.0,0.0,53393.0,425.0,50508.0,2309259.0,1496039.0,1199626.0,0.0
252,MA,2021-5,6984723,706945.0,17872.0,789687.0,22007851.0,9309200.0,8046706.0,4577593.0,3699440.0,0.0,17972.0,262.0,17484.0,1483519.0,719293.0,1192783.0,0.0
253,MA,2021-6,6984723,709966.0,17994.0,793445.0,22844707.0,9744840.0,8836836.0,4850685.0,4243952.0,0.0,3021.0,122.0,3758.0,836856.0,273092.0,544512.0,0.0
254,MA,2021-7,6984723,719780.0,18082.0,806786.0,23699143.0,10011300.0,9143308.0,5007226.0,4406452.0,0.0,9814.0,88.0,13341.0,854436.0,156541.0,162500.0,0.0
255,MA,2021-8,6984723,759869.0,18246.0,849259.0,25145986.0,10462360.0,9472140.0,5191538.0,4546662.0,0.0,40089.0,164.0,42473.0,1446843.0,184312.0,140210.0,0.0
256,MA,2021-9,6984723,811951.0,18627.0,898603.0,27382658.0,10912750.0,9798631.0,5337723.0,4679810.0,0.0,52082.0,381.0,49344.0,2236672.0,146185.0,133148.0,0.0
257,MA,2021-10,6984723,851922.0,18996.0,942298.0,29787593.0,12061860.0,10464368.0,5531884.0,4803060.0,452925.0,39971.0,369.0,43695.0,2404935.0,194161.0,123250.0,452925.0
258,MA,2021-11,6984723,919097.0,19404.0,1012099.0,32014288.0,13368740.0,11610003.0,5912695.0,4906398.0,1124014.0,67175.0,408.0,69801.0,2226695.0,380811.0,103338.0,671089.0
259,MA,2021-12,6984723,1140614.0,20273.0,1232801.0,34369901.0,14678160.0,13029285.0,6260640.0,5145662.0,1989542.0,221517.0,869.0,220702.0,2355613.0,347945.0,239264.0,865528.0
261,MD,2021-1,6165129,354649.0,7127.0,717456.0,6858229.0,884650.0,505454.0,0.0,0.0,0.0,77815.0,1232.0,173850.0,1217288.0,0.0,0.0,0.0
262,MD,2021-2,6165129,382281.0,7869.0,780887.0,7747805.0,1837445.0,1325977.0,884208.0,0.0,0.0,27632.0,742.0,63431.0,889576.0,884208.0,0.0,0.0
263,MD,2021-3,6165129,411529.0,8286.0,846768.0,8644815.0,3573500.0,2809466.0,1884069.0,1039090.0,0.0,29248.0,417.0,65881.0,897010.0,999861.0,1039090.0,0.0
264,MD,2021-4,6165129,447590.0,8744.0,926674.0,9560554.0,6023530.0,4805115.0,2933421.0,2065479.0,0.0,36061.0,458.0,79906.0,915739.0,1049352.0,1026389.0,0.0
265,MD,2021-5,6165129,460106.0,9614.0,953916.0,10236011.0,7936880.0,6141079.0,3472598.0,2902602.0,0.0,12516.0,870.0,27242.0,675457.0,539177.0,837123.0,0.0
266,MD,2021-6,6165129,462496.0,9741.0,959327.0,10703064.0,8451560.0,6876449.0,3743499.0,3385600.0,0.0,2390.0,127.0,5411.0,467053.0,270901.0,482998.0,0.0
267,MD,2021-7,6165129,468767.0,9825.0,973735.0,11149740.0,8793230.0,7213539.0,3914288.0,3559190.0,0.0,6271.0,84.0,14408.0,446676.0,170789.0,173590.0,0.0
268,MD,2021-8,6165129,497225.0,10014.0,1038261.0,11896996.0,9322080.0,7597489.0,4121914.0,3717170.0,0.0,28458.0,189.0,64526.0,747256.0,207626.0,157980.0,0.0
269,MD,2021-9,6165129,532570.0,10442.0,1112678.0,12819210.0,9992590.0,7969400.0,4271866.0,3876526.0,0.0,35345.0,428.0,74417.0,922214.0,149952.0,159356.0,0.0
270,MD,2021-10,6165129,561501.0,10895.0,1177504.0,13886432.0,10957720.0,8551141.0,4414175.0,4000814.0,406068.0,28931.0,453.0,64826.0,1067222.0,142309.0,124288.0,406068.0
271,MD,2021-11,6165129,586376.0,11206.0,1232874.0,14833743.0,12166700.0,9457903.0,4651829.0,4084425.0,987923.0,24875.0,311.0,55370.0,947311.0,237654.0,83611.0,581855.0
272,MD,2021-12,6165129,700789.0,11758.0,1437389.0,15996669.0,13283750.0,10468179.0,4872277.0,4260165.0,1618895.0,114413.0,552.0,204515.0,1162926.0,220448.0,175740.0,630972.0
274,ME,2021-1,1372247,39324.0,590.0,40596.0,1348933.0,212125.0,140353.0,0.0,0.0,0.0,15123.0,243.0,12689.0,267447.0,0.0,0.0,0.0
275,ME,2021-2,1372247,44634.0,703.0,44755.0,1582467.0,416090.0,332999.0,227707.0,0.0,0.0,5310.0,113.0,4159.0,233534.0,227707.0,0.0,0.0
276,ME,2021-3,1372247,50504.0,743.0,49822.0,1827066.0,826370.0,697663.0,461705.0,264659.0,0.0,5870.0,40.0,5067.0,244599.0,233998.0,264659.0,0.0
277,ME,2021-4,1372247,61213.0,784.0,58339.0,2093330.0,1367680.0,1183324.0,734290.0,528743.0,0.0,10709.0,41.0,8517.0,266264.0,272585.0,264084.0,0.0
278,ME,2021-5,1372247,67780.0,825.0,62207.0,2252992.0,1790020.0,1480965.0,848935.0,731719.0,0.0,6567.0,41.0,3868.0,159662.0,114645.0,202976.0,0.0
279,ME,2021-6,1372247,69033.0,858.0,63136.0,2327232.0,1852110.0,1604932.0,891207.0,819500.0,0.0,1253.0,33.0,929.0,74240.0,42272.0,87781.0,0.0
280,ME,2021-7,1372247,70463.0,900.0,64134.0,2389105.0,1925110.0,1666488.0,919882.0,853795.0,0.0,1430.0,42.0,998.0,61873.0,28675.0,34295.0,0.0
281,ME,2021-8,1372247,75856.0,932.0,69849.0,2495057.0,2027230.0,1743118.0,962221.0,885005.0,0.0,5393.0,32.0,5715.0,105952.0,42339.0,31210.0,0.0
282,ME,2021-9,1372247,89989.0,1022.0,77421.0,2650772.0,2133430.0,1824230.0,996340.0,921333.0,0.0,14133.0,90.0,7572.0,155715.0,34119.0,36328.0,0.0
283,ME,2021-10,1372247,104259.0,1167.0,88078.0,2820657.0,2383090.0,1970022.0,1030878.0,948503.0,102214.0,14270.0,145.0,10657.0,169885.0,34538.0,27170.0,102214.0
284,ME,2021-11,1372247,119662.0,1324.0,109271.0,3003575.0,2665000.0,2235211.0,1102535.0,971808.0,272903.0,15403.0,157.0,21193.0,182918.0,71657.0,23305.0,170689.0
285,ME,2021-12,1372247,146736.0,1531.0,140116.0,3213520.0,2909310.0,2517173.0,1156210.0,1020289.0,454073.0,27074.0,207.0,30845.0,209945.0,53675.0,48481.0,181170.0
287,MI,2021-1,10050811,607901.0,15516.0,728474.0,9003204.0,1362600.0,977030.0,0.0,0.0,0.0,81233.0,2506.0,80427.0,1128488.0,0.0,0.0,0.0
288,MI,2021-2,10050811,644564.0,16498.0,761790.0,9917634.0,2704700.0,2318415.0,1491316.0,0.0,0.0,36663.0,982.0,33316.0,914430.0,1491316.0,0.0,0.0
289,MI,2021-3,10050811,744823.0,17112.0,850643.0,10957504.0,5889820.0,4419793.0,2858070.0,1693046.0,0.0,100259.0,614.0,88853.0,1039870.0,1366754.0,1693046.0,0.0
290,MI,2021-4,10050811,934576.0,18743.0,1029228.0,12129646.0,9418050.0,7118239.0,4253463.0,3180171.0,0.0,189753.0,1631.0,178585.0,1172142.0,1395393.0,1487125.0,0.0
291,MI,2021-5,10050811,990199.0,20361.0,1081439.0,12919821.0,11229100.0,8687320.0,4866912.0,4203643.0,0.0,55623.0,1618.0,52211.0,790175.0,613449.0,1023472.0,0.0
292,MI,2021-6,10050811,998606.0,20984.0,1089137.0,13418287.0,11589010.0,9424037.0,5136486.0,4701047.0,0.0,8407.0,623.0,7698.0,498466.0,269574.0,497404.0,0.0
293,MI,2021-7,10050811,1009611.0,21173.0,1101853.0,13775483.0,12036590.0,9798817.0,5305202.0,4878436.0,0.0,11005.0,189.0,12716.0,357196.0,168716.0,177389.0,0.0
294,MI,2021-8,10050811,1058765.0,21535.0,1153020.0,14365701.0,12871020.0,10187046.0,5516637.0,5043602.0,0.0,49154.0,362.0,51167.0,590218.0,211435.0,165166.0,0.0
295,MI,2021-9,10050811,1148303.0,22337.0,1247954.0,15379153.0,13528820.0,10627069.0,5691822.0,5221120.0,0.0,89538.0,802.0,94934.0,1013452.0,175185.0,177518.0,0.0
296,MI,2021-10,10050811,1272713.0,23638.0,1380975.0,16562238.0,14782960.0,11517164.0,5819440.0,5346511.0,692798.0,124410.0,1301.0,133021.0,1183085.0,127618.0,125391.0,692798.0
297,MI,2021-11,10050811,1472288.0,25369.0,1604566.0,17772777.0,16473840.0,12750259.0,6115092.0,5451997.0,1535341.0,199575.0,1731.0,223591.0,1210539.0,295652.0,105486.0,842543.0
298,MI,2021-12,10050811,1706355.0,28984.0,1895980.0,18959465.0,18014150.0,14017702.0,6345853.0,5679382.0,2378596.0,234067.0,3615.0,291414.0,1186688.0,230761.0,227385.0,843255.0
300,MN,2021-1,5707390,461875.0,6268.0,688194.0,7394300.0,837550.0,518744.0,0.0,0.0,0.0,46514.0,886.0,63258.0,1217911.0,0.0,0.0,0.0
301,MN,2021-2,5707390,484662.0,6551.0,721124.0,8381531.0,1599790.0,1393985.0,941537.0,0.0,0.0,22787.0,283.0,32930.0,987231.0,941537.0,0.0,0.0
302,MN,2021-3,5707390,519607.0,6926.0,773006.0,9447883.0,3203000.0,2751928.0,1774794.0,1060778.0,0.0,34945.0,375.0,51882.0,1066352.0,833257.0,1060778.0,0.0
303,MN,2021-4,5707390,575905.0,7237.0,852911.0,10574835.0,4972860.0,4354128.0,2646741.0,1926862.0,0.0,56298.0,311.0,79905.0,1126952.0,871947.0,866084.0,0.0
304,MN,2021-5,5707390,601477.0,7519.0,888225.0,11376426.0,6290840.0,5420670.0,3069865.0,2601745.0,0.0,25572.0,282.0,35314.0,801591.0,423124.0,674883.0,0.0
305,MN,2021-6,5707390,605458.0,7687.0,894881.0,11833410.0,6522150.0,5867176.0,3212409.0,2920597.0,0.0,3981.0,168.0,6656.0,456984.0,142544.0,318852.0,0.0
306,MN,2021-7,5707390,612794.0,7761.0,911058.0,12337898.0,6729030.0,6082721.0,3320251.0,3033637.0,0.0,7336.0,74.0,16177.0,504488.0,107842.0,113040.0,0.0
307,MN,2021-8,5707390,650057.0,7904.0,970628.0,13212970.0,7310020.0,6378868.0,3484576.0,3151965.0,0.0,37263.0,143.0,59570.0,875072.0,164325.0,118328.0,0.0
308,MN,2021-9,5707390,711197.0,8256.0,1056668.0,14269738.0,7771100.0,6665091.0,3582858.0,3280065.0,0.0,61140.0,352.0,86040.0,1056768.0,98282.0,128100.0,0.0
309,MN,2021-10,5707390,787674.0,8793.0,1170116.0,15391680.0,8656090.0,7237372.0,3677877.0,3378302.0,463742.0,76477.0,537.0,113448.0,1121942.0,95019.0,98237.0,463742.0
310,MN,2021-11,5707390,912494.0,9506.0,1328984.0,16559877.0,9858500.0,8249174.0,3893070.0,3523534.0,1104132.0,124820.0,713.0,158868.0,1168197.0,215193.0,145232.0,640390.0
311,MN,2021-12,5707390,1022352.0,10656.0,1490179.0,17759963.0,10837320.0,9163154.0,4033195.0,3694139.0,1716678.0,109858.0,1150.0,161195.0,1200086.0,140125.0,170605.0,612546.0
313,MO,2021-1,6168187,499530.0,7176.0,587435.0,4118531.0,835400.0,444384.0,0.0,0.0,0.0,80893.0,1289.0,80053.0,593627.0,0.0,0.0,0.0
314,MO,2021-2,6168187,524600.0,8382.0,609455.0,4491518.0,1694635.0,1279404.0,807368.0,0.0,0.0,25070.0,1206.0,22020.0,372987.0,807368.0,0.0,0.0
315,MO,2021-3,6168187,588900.0,8977.0,625407.0,4872793.0,3502935.0,2524827.0,1568169.0,924402.0,0.0,64300.0,595.0,15952.0,381275.0,760801.0,924402.0,0.0
316,MO,2021-4,6168187,600910.0,9243.0,641807.0,5207768.0,5325495.0,3985417.0,2310678.0,1680768.0,0.0,12010.0,266.0,16400.0,334975.0,742509.0,756366.0,0.0
317,MO,2021-5,6168187,615408.0,9676.0,654149.0,5495419.0,5910925.0,4679514.0,2591892.0,2110866.0,0.0,14498.0,433.0,12342.0,287651.0,281214.0,430098.0,0.0
318,MO,2021-6,6168187,634733.0,9919.0,672912.0,5750432.0,6119775.0,5111580.0,2754863.0,2397550.0,0.0,19325.0,243.0,18763.0,255013.0,162971.0,286684.0,0.0
319,MO,2021-7,6168187,695726.0,10310.0,737370.0,6147381.0,6567235.0,5483549.0,3002816.0,2541006.0,0.0,60993.0,391.0,64458.0,396949.0,247953.0,143456.0,0.0
320,MO,2021-8,6168187,774864.0,11271.0,824848.0,6719283.0,7319555.0,5946002.0,3232987.0,2765619.0,0.0,79138.0,961.0,87478.0,571902.0,230171.0,224613.0,0.0
321,MO,2021-9,6168187,837141.0,12192.0,893321.0,7352041.0,7807865.0,6304426.0,3366091.0,2941505.0,0.0,62277.0,921.0,68473.0,632758.0,133104.0,175886.0,0.0
322,MO,2021-10,6168187,872395.0,12777.0,924676.0,7769483.0,8510365.0,6819845.0,3494342.0,3057925.0,347494.0,35254.0,585.0,31355.0,417442.0,128251.0,116420.0,347494.0
323,MO,2021-11,6168187,922361.0,15533.0,976881.0,8289781.0,9291315.0,7400218.0,3665290.0,3126000.0,683962.0,49966.0,2756.0,52205.0,520298.0,170948.0,68075.0,336468.0
324,MO,2021-12,6168187,1023310.0,16223.0,1110255.0,8983930.0,9891155.0,8110555.0,3832397.0,3258052.0,1100585.0,100949.0,690.0,133374.0,694149.0,167107.0,132052.0,416623.0
326,MP,2021-1,0,131.0,2.0,331.0,29452.0,18650.0,10050.0,0.0,0.0,0.0,9.0,0.0,37.0,2656.0,0.0,0.0,0.0
327,MP,2021-2,0,143.0,2.0,360.0,31669.0,29650.0,18363.0,10707.0,0.0,0.0,12.0,0.0,29.0,2217.0,10707.0,0.0,0.0
328,MP,2021-3,0,159.0,2.0,403.0,35906.0,61310.0,28566.0,16550.0,12035.0,0.0,16.0,0.0,43.0,4237.0,5843.0,12035.0,0.0
329,MP,2021-4,0,164.0,2.0,421.0,40247.0,62910.0,40089.0,22090.0,18043.0,0.0,5.0,0.0,18.0,4341.0,5540.0,6008.0,0.0
330,MP,2021-5,0,183.0,2.0,467.0,45929.0,72330.0,48584.0,26167.0,22705.0,0.0,19.0,0.0,46.0,5682.0,4077.0,4662.0,0.0
331,MP,2021-6,0,183.0,2.0,470.0,49372.0,72330.0,55616.0,29529.0,26530.0,0.0,0.0,0.0,3.0,3443.0,3362.0,3825.0,0.0
332,MP,2021-7,0,196.0,2.0,488.0,52389.0,76830.0,61153.0,32340.0,29385.0,0.0,13.0,0.0,18.0,3017.0,2811.0,2855.0,0.0
333,MP,2021-8,0,241.0,2.0,538.0,54108.0,79080.0,66868.0,34989.0,32459.0,0.0,45.0,0.0,50.0,1719.0,2649.0,3074.0,0.0
334,MP,2021-9,0,269.0,2.0,572.0,55461.0,86200.0,69991.0,35741.0,34110.0,0.0,28.0,0.0,34.0,1353.0,752.0,1651.0,0.0
335,MP,2021-10,0,312.0,3.0,628.0,56826.0,87480.0,72736.0,36406.0,34846.0,2377.0,43.0,1.0,56.0,1365.0,665.0,736.0,2377.0
336,MP,2021-11,0,855.0,3.0,1149.0,57931.0,100350.0,82172.0,39962.0,35779.0,7448.0,543.0,0.0,521.0,1105.0,3556.0,933.0,5071.0
337,MP,2021-12,0,3255.0,13.0,0.0,0.0,113330.0,95793.0,43360.0,39878.0,13714.0,2400.0,10.0,-1149.0,-57931.0,3398.0,4099.0,6266.0
339,MS,2021-1,2949965,275001.0,6045.0,139589.0,980666.0,425000.0,236401.0,0.0,0.0,0.0,59190.0,1258.0,19969.0,119955.0,0.0,0.0,0.0
340,MS,2021-2,2949965,294795.0,6681.0,151855.0,1093953.0,869955.0,619251.0,413930.0,0.0,0.0,19794.0,636.0,12266.0,113287.0,413930.0,0.0,0.0
341,MS,2021-3,2949965,305146.0,7032.0,154923.0,1160648.0,1698485.0,1158505.0,734671.0,450944.0,0.0,10351.0,351.0,3068.0,66695.0,320741.0,450944.0,0.0
342,MS,2021-4,2949965,311900.0,7199.0,156732.0,1205148.0,2433685.0,1591206.0,925448.0,707684.0,0.0,6754.0,167.0,1809.0,44500.0,190777.0,256740.0,0.0
343,MS,2021-5,2949965,317713.0,7316.0,158384.0,1248916.0,2596955.0,1769523.0,1010848.0,807490.0,0.0,5813.0,117.0,1652.0,43768.0,85400.0,99806.0,0.0
344,MS,2021-6,2949965,321764.0,7412.0,159782.0,1290196.0,2660215.0,1909507.0,1077045.0,885782.0,0.0,4051.0,96.0,1398.0,41280.0,66197.0,78292.0,0.0
345,MS,2021-7,2949965,343505.0,7543.0,172067.0,1353188.0,2866005.0,2150026.0,1183439.0,1026837.0,0.0,21741.0,131.0,12285.0,62992.0,106394.0,141055.0,0.0
346,MS,2021-8,2949965,436722.0,8409.0,214394.0,1508948.0,3495695.0,2447529.0,1378791.0,1123181.0,0.0,93217.0,866.0,42327.0,155760.0,195352.0,96344.0,0.0
347,MS,2021-9,2949965,488394.0,9600.0,235019.0,1625679.0,3810595.0,2783784.0,1493169.0,1294972.0,0.0,51672.0,1191.0,20625.0,116731.0,114378.0,171791.0,0.0
348,MS,2021-10,2949965,504318.0,10075.0,241551.0,1712516.0,4112335.0,2978090.0,1548748.0,1359519.0,121745.0,15924.0,475.0,6532.0,86837.0,55579.0,64547.0,121745.0
349,MS,2021-11,2949965,514171.0,10285.0,247168.0,1792132.0,4457415.0,3179628.0,1598535.0,1395862.0,239894.0,9853.0,210.0,5617.0,79616.0,49787.0,36343.0,118149.0
350,MS,2021-12,2949965,543737.0,10450.0,284357.0,1912298.0,4583575.0,3388292.0,1645916.0,1430624.0,354935.0,29566.0,165.0,37189.0,120166.0,47381.0,34762.0,115041.0
352,MT,2021-1,1104271,93961.0,1234.0,127173.0,771221.0,141650.0,104525.0,0.0,0.0,0.0,12260.0,272.0,13792.0,119993.0,0.0,0.0,0.0
353,MT,2021-2,1104271,99999.0,1358.0,132974.0,857688.0,341645.0,281422.0,188782.0,0.0,0.0,6038.0,124.0,5801.0,86467.0,188782.0,0.0,0.0
354,MT,2021-3,1104271,104677.0,1437.0,136896.0,948178.0,677495.0,522897.0,327448.0,205138.0,0.0,4678.0,79.0,3922.0,90490.0,138666.0,205138.0,0.0
355,MT,2021-4,1104271,108931.0,1572.0,140276.0,1017796.0,988645.0,758111.0,435149.0,342212.0,0.0,4254.0,135.0,3380.0,69618.0,107701.0,137074.0,0.0
356,MT,2021-5,1104271,111928.0,1613.0,143127.0,1067197.0,1085415.0,867123.0,483457.0,409140.0,0.0,2997.0,41.0,2851.0,49401.0,48308.0,66928.0,0.0
357,MT,2021-6,1104271,113862.0,1665.0,144915.0,1107661.0,1109635.0,940056.0,510201.0,458067.0,0.0,1934.0,52.0,1788.0,40464.0,26744.0,48927.0,0.0
358,MT,2021-7,1104271,116480.0,1704.0,147925.0,1149741.0,1137635.0,973506.0,528786.0,473831.0,0.0,2618.0,39.0,3010.0,42080.0,18585.0,15764.0,0.0
359,MT,2021-8,1104271,127248.0,1800.0,158386.0,1226536.0,1254345.0,1022081.0,558019.0,491634.0,0.0,10768.0,96.0,10461.0,76795.0,29233.0,17803.0,0.0
360,MT,2021-9,1104271,151184.0,2009.0,178989.0,1338476.0,1335065.0,1089630.0,585489.0,518303.0,0.0,23936.0,209.0,20603.0,111940.0,27470.0,26669.0,0.0
361,MT,2021-10,1104271,176040.0,2346.0,197998.0,1435829.0,1489065.0,1191797.0,608160.0,539588.0,74245.0,24856.0,337.0,19009.0,97353.0,22671.0,21285.0,74245.0
362,MT,2021-11,1104271,191222.0,2672.0,206877.0,1508176.0,1645705.0,1324087.0,638911.0,554307.0,160998.0,15182.0,326.0,8879.0,72347.0,30751.0,14719.0,86753.0
363,MT,2021-12,1104271,197784.0,2907.0,212418.0,1570421.0,1727015.0,1444277.0,663349.0,577404.0,229841.0,6562.0,235.0,5541.0,62245.0,24438.0,23097.0,68843.0
365,NC,2021-1,10551162,753614.0,9381.0,795138.0,7361756.0,0.0,0.0,0.0,0.0,0.0,217088.0,2570.0,198067.0,1390780.0,0.0,0.0,0.0
366,NC,2021-2,10551162,854983.0,11241.0,873453.0,8403795.0,0.0,0.0,0.0,0.0,0.0,101369.0,1860.0,78315.0,1042039.0,0.0,0.0,0.0
367,NC,2021-3,10551162,910912.0,12137.0,919050.0,9270343.0,0.0,0.0,0.0,0.0,0.0,55929.0,896.0,45597.0,866548.0,0.0,0.0,0.0
368,NC,2021-4,10551162,966055.0,12676.0,967462.0,10023126.0,0.0,0.0,0.0,0.0,0.0,55143.0,539.0,48412.0,752783.0,0.0,0.0,0.0
369,NC,2021-5,10551162,997349.0,13101.0,993809.0,10601401.0,0.0,0.0,0.0,0.0,0.0,31294.0,425.0,26347.0,578275.0,0.0,0.0,0.0
370,NC,2021-6,10551162,1010138.0,13450.0,1004682.0,11037183.0,0.0,0.0,0.0,0.0,0.0,12789.0,349.0,10873.0,435782.0,0.0,0.0,0.0
371,NC,2021-7,10551162,1044744.0,13651.0,1048373.0,11547869.0,0.0,0.0,0.0,0.0,0.0,34606.0,201.0,43691.0,510686.0,0.0,0.0,0.0
372,NC,2021-8,10551162,1210911.0,14485.0,1222479.0,12692489.0,0.0,0.0,0.0,0.0,0.0,166167.0,834.0,174106.0,1144620.0,0.0,0.0,0.0
373,NC,2021-9,10551162,1392985.0,16541.0,1396274.0,14146475.0,0.0,0.0,0.0,0.0,0.0,182074.0,2056.0,173795.0,1453986.0,0.0,0.0,0.0
374,NC,2021-10,10551162,1475124.0,18068.0,1466751.0,15189669.0,0.0,0.0,0.0,0.0,0.0,82139.0,1527.0,70477.0,1043194.0,0.0,0.0,0.0
375,NC,2021-11,10551162,1531840.0,18760.0,1518776.0,16033007.0,0.0,0.0,0.0,0.0,0.0,56716.0,692.0,52025.0,843338.0,0.0,0.0,0.0
376,NC,2021-12,10551162,1680960.0,19436.0,1686391.0,17146450.0,0.0,0.0,0.0,0.0,0.0,149120.0,676.0,167615.0,1113443.0,0.0,0.0,0.0
378,ND,2021-1,774948,97655.0,1447.0,92464.0,1275181.0,108050.0,97915.0,0.0,0.0,0.0,5153.0,148.0,3007.0,99725.0,0.0,0.0,0.0
379,ND,2021-2,774948,99839.0,1475.0,94041.0,1356734.0,246570.0,234209.0,147054.0,0.0,0.0,2184.0,28.0,1577.0,81553.0,147054.0,0.0,0.0
380,ND,2021-3,774948,103123.0,1498.0,95979.0,1433091.0,464690.0,413386.0,246500.0,154549.0,0.0,3284.0,23.0,1938.0,76357.0,99446.0,154549.0,0.0
381,ND,2021-4,774948,107504.0,1523.0,98310.0,1497908.0,643330.0,562151.0,298958.0,249623.0,0.0,4381.0,25.0,2331.0,64817.0,52458.0,95074.0,0.0
382,ND,2021-5,774948,109975.0,1543.0,99556.0,1540803.0,688750.0,614543.0,321746.0,278948.0,0.0,2471.0,20.0,1246.0,42895.0,22788.0,29325.0,0.0
383,ND,2021-6,774948,110738.0,1559.0,99984.0,1566472.0,718310.0,641906.0,334131.0,295725.0,0.0,763.0,16.0,428.0,25669.0,12385.0,16777.0,0.0
384,ND,2021-7,774948,111675.0,1570.0,100447.0,1584987.0,738260.0,663565.0,346776.0,305794.0,0.0,937.0,11.0,463.0,18515.0,12645.0,10069.0,0.0
385,ND,2021-8,774948,117529.0,1592.0,104260.0,1633505.0,845400.0,697759.0,367567.0,317655.0,0.0,5854.0,22.0,3813.0,48518.0,20791.0,11861.0,0.0
386,ND,2021-9,774948,132192.0,1645.0,113389.0,1722063.0,921580.0,742416.0,388512.0,336457.0,0.0,14663.0,53.0,9129.0,88558.0,20945.0,18802.0,0.0
387,ND,2021-10,774948,148430.0,1798.0,122594.0,1807218.0,1027300.0,803404.0,406081.0,349780.0,41517.0,16238.0,153.0,9205.0,85155.0,17569.0,13323.0,41517.0
388,ND,2021-11,774948,162332.0,1930.0,130814.0,1884315.0,1147730.0,896193.0,441631.0,371573.0,98389.0,13902.0,132.0,8220.0,77097.0,35550.0,21793.0,56872.0
389,ND,2021-12,774948,174220.0,2057.0,137465.0,1953692.0,1190100.0,1016026.0,474912.0,401076.0,146574.0,11888.0,127.0,6651.0,69377.0,33281.0,29503.0,48185.0
391,NE,2021-1,1963692,191763.0,2025.0,229010.0,1382400.0,288375.0,177711.0,0.0,0.0,0.0,23968.0,335.0,26099.0,156344.0,0.0,0.0,0.0
392,NE,2021-2,1963692,201298.0,2199.0,237845.0,1518348.0,603210.0,474439.0,309977.0,0.0,0.0,9535.0,174.0,8835.0,135948.0,309977.0,0.0,0.0
393,NE,2021-3,1963692,209602.0,2282.0,246337.0,1630681.0,1152650.0,940837.0,595579.0,361958.0,0.0,8304.0,83.0,8492.0,112333.0,285602.0,361958.0,0.0
394,NE,2021-4,1963692,219826.0,2366.0,254648.0,1730242.0,1782480.0,1412904.0,833481.0,626635.0,0.0,10224.0,84.0,8311.0,99561.0,237902.0,264677.0,0.0
395,NE,2021-5,1963692,223676.0,2495.0,257966.0,1788067.0,2007060.0,1694344.0,933142.0,815245.0,0.0,3850.0,129.0,3318.0,57825.0,99661.0,188610.0,0.0
396,NE,2021-6,1963692,224753.0,2520.0,259772.0,1824722.0,2088750.0,1865625.0,1001013.0,922579.0,0.0,1077.0,25.0,1806.0,36655.0,67871.0,107334.0,0.0
397,NE,2021-7,1963692,228450.0,2550.0,265009.0,1862403.0,2180670.0,1941405.0,1042509.0,957498.0,0.0,3697.0,30.0,5237.0,37681.0,41496.0,34919.0,0.0
398,NE,2021-8,1963692,244254.0,2590.0,278027.0,1970448.0,2351770.0,2065945.0,1111851.0,1006914.0,0.0,15804.0,40.0,13018.0,108045.0,69342.0,49416.0,0.0
399,NE,2021-9,1963692,266449.0,2832.0,290805.0,2055812.0,2541330.0,2169872.0,1149181.0,1057562.0,0.0,22195.0,242.0,12778.0,85364.0,37330.0,50648.0,0.0
400,NE,2021-10,1963692,283813.0,2975.0,297765.0,2107782.0,2832860.0,2336339.0,1179830.0,1087821.0,123456.0,17364.0,143.0,6960.0,51970.0,30649.0,30259.0,123456.0
401,NE,2021-11,1963692,309828.0,3155.0,307043.0,2158223.0,3135320.0,2597241.0,1240506.0,1110485.0,298081.0,26015.0,180.0,9278.0,50441.0,60676.0,22664.0,174625.0
402,NE,2021-12,1963692,338257.0,3336.0,320932.0,2223082.0,3417630.0,2857010.0,1284316.0,1157828.0,464203.0,28429.0,181.0,13889.0,64859.0,43810.0,47343.0,166122.0
404,NH,2021-1,1388992,65695.0,1057.0,56142.0,1235094.0,0.0,0.0,0.0,0.0,0.0,21667.0,298.0,15122.0,226474.0,0.0,0.0,0.0
405,NH,2021-2,1388992,75424.0,1170.0,63479.0,1432340.0,0.0,0.0,0.0,0.0,0.0,9729.0,113.0,7337.0,197246.0,0.0,0.0,0.0
406,NH,2021-3,1388992,84176.0,1238.0,70547.0,1637601.0,0.0,0.0,0.0,0.0,0.0,8752.0,68.0,7068.0,205261.0,0.0,0.0,0.0
407,NH,2021-4,1388992,94886.0,1303.0,78629.0,1844078.0,0.0,0.0,0.0,0.0,0.0,10710.0,65.0,8082.0,206477.0,0.0,0.0,0.0
408,NH,2021-5,1388992,98726.0,1353.0,81846.0,1976130.0,0.0,0.0,0.0,0.0,0.0,3840.0,50.0,3217.0,132052.0,0.0,0.0,0.0
409,NH,2021-6,1388992,99504.0,1372.0,82702.0,2051427.0,0.0,0.0,0.0,0.0,0.0,778.0,19.0,856.0,75297.0,0.0,0.0,0.0
410,NH,2021-7,1388992,100657.0,1387.0,84176.0,2119722.0,0.0,0.0,0.0,0.0,0.0,1153.0,15.0,1474.0,68295.0,0.0,0.0,0.0
411,NH,2021-8,1388992,107689.0,1417.0,90137.0,2232355.0,0.0,0.0,0.0,0.0,0.0,7032.0,30.0,5961.0,112633.0,0.0,0.0,0.0
412,NH,2021-9,1388992,120268.0,1481.0,100160.0,2423587.0,0.0,0.0,0.0,0.0,0.0,12579.0,64.0,10023.0,191232.0,0.0,0.0,0.0
413,NH,2021-10,1388992,134517.0,1565.0,114688.0,2646231.0,0.0,0.0,0.0,0.0,0.0,14249.0,84.0,14528.0,222644.0,0.0,0.0,0.0
414,NH,2021-11,1388992,161244.0,1716.0,139160.0,2871187.0,0.0,0.0,0.0,0.0,0.0,26727.0,151.0,24472.0,224956.0,0.0,0.0,0.0
415,NH,2021-12,1388992,198667.0,1961.0,173246.0,3086226.0,0.0,0.0,0.0,0.0,0.0,37423.0,245.0,34086.0,215039.0,0.0,0.0,0.0
417,NJ,2021-1,9267130,696831.0,21484.0,633235.0,8366019.0,1232525.0,795440.0,0.0,0.0,0.0,217450.0,2442.0,171909.0,1431712.0,0.0,0.0,0.0
418,NJ,2021-2,9267130,789354.0,23252.0,734858.0,9527284.0,2508320.0,2065666.0,1423424.0,0.0,0.0,92523.0,1768.0,101623.0,1161265.0,1423424.0,0.0,0.0
419,NJ,2021-3,9267130,908812.0,24528.0,870338.0,10897024.0,5236605.0,4381035.0,2951563.0,1659604.0,0.0,119458.0,1276.0,135480.0,1369740.0,1528139.0,1659604.0,0.0
420,NJ,2021-4,9267130,997222.0,25554.0,977989.0,12145345.0,8623605.0,7302231.0,4582214.0,3202180.0,0.0,88410.0,1026.0,107651.0,1248321.0,1630651.0,1542576.0,0.0
421,NJ,2021-5,9267130,1016332.0,26212.0,1005379.0,13067907.0,10967005.0,9110414.0,5363925.0,4336841.0,0.0,19110.0,658.0,27390.0,922562.0,781711.0,1134661.0,0.0
422,NJ,2021-6,9267130,1023395.0,26452.0,1014213.0,13799171.0,11548765.0,9841494.0,5580572.0,4897515.0,0.0,7063.0,240.0,8834.0,731264.0,216647.0,560674.0,0.0
423,NJ,2021-7,9267130,1039353.0,26602.0,1035694.0,14516889.0,12103035.0,10380457.0,5862753.0,5187136.0,0.0,15958.0,150.0,21481.0,717718.0,282181.0,289621.0,0.0
424,NJ,2021-8,9267130,1091966.0,26882.0,1090699.0,15453093.0,13072255.0,11005081.0,6211130.0,5457911.0,0.0,52613.0,280.0,55005.0,936204.0,348377.0,270775.0,0.0
425,NJ,2021-9,9267130,1154570.0,27427.0,1157624.0,16646248.0,14000545.0,11535180.0,6440347.0,5713118.0,0.0,62604.0,545.0,66925.0,1193155.0,229217.0,255207.0,0.0
426,NJ,2021-10,9267130,1198917.0,27972.0,1204908.0,17808882.0,15176475.0,12334361.0,6670955.0,5897400.0,547647.0,44347.0,545.0,47284.0,1162634.0,230608.0,184282.0,547647.0
427,NJ,2021-11,9267130,1252705.0,28390.0,1265227.0,18930776.0,17008125.0,13498900.0,7028706.0,6023574.0,1229336.0,53788.0,418.0,60319.0,1121894.0,357751.0,126174.0,681689.0
428,NJ,2021-12,9267130,1564253.0,29037.0,1627055.0,20424541.0,18675625.0,14997030.0,7449359.0,6267956.0,2144959.0,311548.0,647.0,361828.0,1493765.0,420653.0,244382.0,915623.0
430,NM,2021-1,2115877,174064.0,3285.0,257685.0,1928379.0,317900.0,264147.0,0.0,0.0,0.0,31167.0,806.0,85415.0,293252.0,0.0,0.0,0.0
431,NM,2021-2,2115877,185132.0,3716.0,286377.0,2147413.0,738705.0,705538.0,467493.0,0.0,0.0,11068.0,431.0,28692.0,219034.0,467493.0,0.0,0.0
432,NM,2021-3,2115877,191652.0,3939.0,302883.0,2347198.0,1442775.0,1258002.0,797952.0,493018.0,0.0,6520.0,223.0,16506.0,199785.0,330459.0,493018.0,0.0
433,NM,2021-4,2115877,197733.0,4069.0,318336.0,2530998.0,2056105.0,1794170.0,1066741.0,779361.0,0.0,6081.0,130.0,15453.0,183800.0,268789.0,286343.0,0.0
434,NM,2021-5,2115877,202821.0,4265.0,330452.0,2682425.0,2275605.0,2151860.0,1212713.0,1004336.0,0.0,5088.0,196.0,12116.0,151427.0,145972.0,224975.0,0.0
435,NM,2021-6,2115877,205542.0,4342.0,336008.0,2790009.0,2366635.0,2380294.0,1318661.0,1142420.0,0.0,2721.0,77.0,5556.0,107584.0,105948.0,138084.0,0.0
436,NM,2021-7,2115877,210416.0,4412.0,345735.0,2888306.0,2449685.0,2487536.0,1374231.0,1198386.0,0.0,4874.0,70.0,9727.0,98297.0,55570.0,55966.0,0.0
437,NM,2021-8,2115877,232614.0,4520.0,385688.0,3100816.0,2699065.0,2642572.0,1465483.0,1257905.0,0.0,22198.0,108.0,39953.0,212510.0,91252.0,59519.0,0.0
438,NM,2021-9,2115877,253024.0,4803.0,426110.0,3338363.0,2941875.0,2786048.0,1522096.0,1324646.0,0.0,20410.0,283.0,40422.0,237547.0,56613.0,66741.0,0.0
439,NM,2021-10,2115877,275209.0,5051.0,478789.0,3555399.0,3259655.0,2829415.0,1513789.0,1302961.0,167610.0,22185.0,248.0,52679.0,217036.0,-8307.0,-21685.0,167610.0
440,NM,2021-11,2115877,314264.0,5369.0,556555.0,3795916.0,3618895.0,3125326.0,1605513.0,1331844.0,356620.0,39055.0,318.0,77766.0,240517.0,91724.0,28883.0,189010.0
441,NM,2021-12,2115877,350043.0,5857.0,621431.0,4046720.0,3788325.0,3453488.0,1695938.0,1391188.0,546676.0,35779.0,488.0,64876.0,250804.0,90425.0,59344.0,190056.0
443,NV,2021-1,3143991,278447.0,4271.0,393184.0,2238862.0,368800.0,241078.0,0.0,0.0,0.0,53282.0,1135.0,69525.0,296926.0,0.0,0.0,0.0
444,NV,2021-2,3143991,293815.0,4957.0,414693.0,2439136.0,867240.0,685692.0,447761.0,0.0,0.0,15368.0,686.0,21509.0,200274.0,447761.0,0.0,0.0
445,NV,2021-3,3143991,303799.0,5249.0,427331.0,2652201.0,1704450.0,1348526.0,853774.0,492187.0,0.0,9984.0,292.0,12638.0,213065.0,406013.0,492187.0,0.0
446,NV,2021-4,3143991,315438.0,5464.0,442367.0,2838599.0,2519320.0,2051105.0,1219581.0,857021.0,0.0,11639.0,215.0,15036.0,186398.0,365807.0,364834.0,0.0
447,NV,2021-5,3143991,323748.0,5586.0,448642.0,2979363.0,2898670.0,2510235.0,1405096.0,1137530.0,0.0,8310.0,122.0,6275.0,140764.0,185515.0,280509.0,0.0
448,NV,2021-6,3143991,333712.0,5681.0,455913.0,3084072.0,3076270.0,2776098.0,1529482.0,1291822.0,0.0,9964.0,95.0,7271.0,104709.0,124386.0,154292.0,0.0
449,NV,2021-7,3143991,356401.0,5912.0,481365.0,3216777.0,3315390.0,2965093.0,1652020.0,1367562.0,0.0,22689.0,231.0,25452.0,132705.0,122538.0,75740.0,0.0
450,NV,2021-8,3143991,390600.0,6510.0,521030.0,3442526.0,3709740.0,3206423.0,1786070.0,1473532.0,0.0,34199.0,598.0,39665.0,225749.0,134050.0,105970.0,0.0
451,NV,2021-9,3143991,421319.0,7150.0,552223.0,3676444.0,3991900.0,3397599.0,1871575.0,1563310.0,0.0,30719.0,640.0,31193.0,233918.0,85505.0,89778.0,0.0
452,NV,2021-10,3143991,449322.0,7631.0,577197.0,3915362.0,4370460.0,3648724.0,1952924.0,1632008.0,138697.0,28003.0,481.0,24974.0,238918.0,81349.0,68698.0,138697.0
453,NV,2021-11,3143991,470641.0,8017.0,602879.0,4141713.0,4774470.0,3963229.0,2046546.0,1678794.0,309364.0,21319.0,386.0,25682.0,226351.0,93622.0,46786.0,170667.0
454,NV,2021-12,3143991,501181.0,8420.0,651497.0,4392665.0,5096750.0,4328364.0,2145217.0,1740780.0,511655.0,30540.0,403.0,48618.0,250952.0,98671.0,61986.0,202291.0
456,NY,2021-1,19835913,1420164.0,43178.0,1630782.0,27082367.0,2932775.0,1875462.0,0.0,0.0,0.0,441124.0,5621.0,454308.0,4672244.0,0.0,0.0,0.0
457,NY,2021-2,19835913,1644124.0,47143.0,1873886.0,30858549.0,5757205.0,4225250.0,2691322.0,0.0,0.0,223960.0,3965.0,243104.0,3776182.0,2691322.0,0.0,0.0
458,NY,2021-3,19835913,1871595.0,49790.0,2124890.0,35326738.0,11913695.0,9261975.0,6051597.0,3285602.0,0.0,227471.0,2647.0,251004.0,4468189.0,3360275.0,3285602.0,0.0
459,NY,2021-4,19835913,2046322.0,51728.0,2311549.0,39623260.0,18743625.0,15636609.0,9258652.0,6721308.0,0.0,174727.0,1938.0,186659.0,4296522.0,3207055.0,3435706.0,0.0
460,NY,2021-5,19835913,2100633.0,52758.0,2372436.0,42991953.0,22652975.0,19672244.0,10856651.0,9121213.0,0.0,54311.0,1030.0,60887.0,3368693.0,1597999.0,2399905.0,0.0
461,NY,2021-6,19835913,2113147.0,53095.0,2388000.0,45356660.0,23946375.0,21790497.0,11669506.0,10508196.0,0.0,12514.0,337.0,15564.0,2364707.0,812855.0,1386983.0,0.0
462,NY,2021-7,19835913,2148445.0,53266.0,2427586.0,47331711.0,25122005.0,22950250.0,12271911.0,11109858.0,0.0,35298.0,171.0,39586.0,1975051.0,602405.0,601662.0,0.0
463,NY,2021-8,19835913,2276228.0,53847.0,2562549.0,50461443.0,27434895.0,24370206.0,13107270.0,11696867.0,0.0,127783.0,581.0,134963.0,3129732.0,835359.0,587009.0,0.0
464,NY,2021-9,19835913,2424535.0,54933.0,2714964.0,54568924.0,29461905.0,25924474.0,13881981.0,12402027.0,0.0,148307.0,1086.0,152415.0,4107481.0,774711.0,705160.0,0.0
465,NY,2021-10,19835913,2557930.0,55995.0,2844175.0,59012109.0,32217445.0,27632406.0,14464775.0,12978653.0,761161.0,133395.0,1062.0,129211.0,4443185.0,582794.0,576626.0,761161.0
466,NY,2021-11,19835913,2728612.0,57049.0,3014336.0,63020904.0,35666865.0,29921538.0,15220070.0,13324752.0,1997033.0,170682.0,1054.0,170161.0,4008795.0,755295.0,346099.0,1235872.0
467,NY,2021-12,19835913,3473970.0,58993.0,3867880.0,68374646.0,39071535.0,34401675.0,16388632.0,13979833.0,4626125.0,745358.0,1944.0,853544.0,5353742.0,1168562.0,655081.0,2629092.0
469,OH,2021-1,11780017,895792.0,11178.0,812957.0,8313247.0,1553900.0,954013.0,0.0,0.0,0.0,195412.0,2216.0,142818.0,1200175.0,0.0,0.0,0.0
470,OH,2021-2,11780017,967422.0,17299.0,859737.0,9198939.0,3301865.0,2599806.0,1686825.0,0.0,0.0,71630.0,6121.0,46780.0,885692.0,1686825.0,0.0,0.0
471,OH,2021-3,11780017,1017566.0,18609.0,892767.0,10142457.0,6921325.0,5295592.0,3399897.0,1970300.0,0.0,50144.0,1310.0,33030.0,943518.0,1713072.0,1970300.0,0.0
472,OH,2021-4,11780017,1072312.0,19284.0,933164.0,11087810.0,10538425.0,8366253.0,4720523.0,3769101.0,0.0,54746.0,675.0,40397.0,945353.0,1320626.0,1798801.0,0.0
473,OH,2021-5,11780017,1101934.0,19861.0,957641.0,11773000.0,11962165.0,9907511.0,5364025.0,4704437.0,0.0,29622.0,577.0,24477.0,685190.0,643502.0,935336.0,0.0
474,OH,2021-6,11780017,1111324.0,20309.0,964915.0,12251711.0,12390715.0,10684968.0,5635230.0,5227519.0,0.0,9390.0,448.0,7274.0,478711.0,271205.0,523082.0,0.0
475,OH,2021-7,11780017,1129277.0,20492.0,980322.0,12685961.0,12858835.0,11086847.0,5828437.0,5437218.0,0.0,17953.0,183.0,15407.0,434250.0,193207.0,209699.0,0.0
476,OH,2021-8,11780017,1220900.0,20866.0,1071353.0,13522909.0,13995685.0,11631364.0,6133397.0,5657888.0,0.0,91623.0,374.0,91031.0,836948.0,304960.0,220670.0,0.0
477,OH,2021-9,11780017,1413972.0,21945.0,1242915.0,14638984.0,14916455.0,12089450.0,6340058.0,5870552.0,0.0,193072.0,1079.0,171562.0,1116075.0,206661.0,212664.0,0.0
478,OH,2021-10,11780017,1545327.0,24527.0,1345292.0,15510885.0,16544075.0,13051101.0,6529841.0,6063992.0,691284.0,131355.0,2582.0,102377.0,871901.0,189783.0,193440.0,691284.0
479,OH,2021-11,11780017,1690217.0,26587.0,1463048.0,16301683.0,18234375.0,14419053.0,6824256.0,6200220.0,1626563.0,144890.0,2060.0,117756.0,790798.0,294415.0,136228.0,935279.0
480,OH,2021-12,11780017,2016095.0,29447.0,1741970.0,17273968.0,19819895.0,15986492.0,7077368.0,6466991.0,2686309.0,325878.0,2860.0,278922.0,972285.0,253112.0,266771.0,1059746.0
482,OK,2021-1,3986639,389472.0,3547.0,436142.0,1491912.0,594925.0,437985.0,0.0,0.0,0.0,98536.0,1058.0,72905.0,217970.0,0.0,0.0,0.0
483,OK,2021-2,3986639,424508.0,4428.0,454235.0,1583712.0,1399890.0,1095362.0,688342.0,0.0,0.0,35036.0,881.0,18093.0,91800.0,688342.0,0.0,0.0
484,OK,2021-3,3986639,438364.0,4953.0,463238.0,1691033.0,2677545.0,1930169.0,1224792.0,704689.0,0.0,13856.0,525.0,9003.0,107321.0,536450.0,704689.0,0.0
485,OK,2021-4,3986639,448305.0,6788.0,469797.0,1781773.0,3740005.0,2681258.0,1522909.0,1172022.0,0.0,9941.0,1835.0,6559.0,90740.0,298117.0,467333.0,0.0
486,OK,2021-5,3986639,453172.0,7291.0,474141.0,1858584.0,3932805.0,2959139.0,1645319.0,1335445.0,0.0,4867.0,503.0,4344.0,76811.0,122410.0,163423.0,0.0
487,OK,2021-6,3986639,457851.0,7388.0,479123.0,1920668.0,4012750.0,3267350.0,1773539.0,1518992.0,0.0,4679.0,97.0,4982.0,62084.0,128220.0,183547.0,0.0
488,OK,2021-7,3986639,480635.0,7485.0,503383.0,2012261.0,4192800.0,3460262.0,1897232.0,1593194.0,0.0,22784.0,97.0,24260.0,91593.0,123693.0,74202.0,0.0
489,OK,2021-8,3986639,551958.0,7812.0,561212.0,2202481.0,4709150.0,3829308.0,2109416.0,1734367.0,0.0,71323.0,327.0,57829.0,190220.0,212184.0,141173.0,0.0
490,OK,2021-9,3986639,613765.0,8949.0,601430.0,2378388.0,5002360.0,4152019.0,2239256.0,1883414.0,0.0,61807.0,1137.0,40218.0,175907.0,129840.0,149047.0,0.0
491,OK,2021-10,3986639,643978.0,10710.0,617286.0,2496369.0,5427550.0,4501331.0,2355199.0,1981645.0,218402.0,30213.0,1761.0,15856.0,117981.0,115943.0,98231.0,218402.0
492,OK,2021-11,3986639,666927.0,10879.0,630303.0,2625857.0,6019250.0,4878303.0,2485988.0,2039094.0,403298.0,22949.0,169.0,13017.0,129488.0,130789.0,57449.0,184896.0
493,OK,2021-12,3986639,708938.0,11552.0,660221.0,2791810.0,6257990.0,5323906.0,2617295.0,2119050.0,637475.0,42011.0,673.0,29918.0,165953.0,131307.0,79956.0,234177.0
495,OR,2021-1,4246155,142417.0,1972.0,148155.0,2202699.0,665325.0,407890.0,0.0,0.0,0.0,28488.0,487.0,24244.0,275336.0,0.0,0.0,0.0
496,OR,2021-2,4246155,155597.0,2218.0,158900.0,2441959.0,1241415.0,994403.0,632080.0,0.0,0.0,13180.0,246.0,10745.0,239260.0,632080.0,0.0,0.0
497,OR,2021-3,4246155,165013.0,2396.0,166594.0,2817712.0,2449855.0,1854126.0,1187225.0,703262.0,0.0,9416.0,178.0,7694.0,375753.0,555145.0,703262.0,0.0
498,OR,2021-4,4246155,184838.0,2511.0,184027.0,3143333.0,3853745.0,3047017.0,1869063.0,1284955.0,0.0,19825.0,115.0,17433.0,325621.0,681838.0,581693.0,0.0
499,OR,2021-5,4246155,201561.0,2700.0,198451.0,3420603.0,5339055.0,4073216.0,2316666.0,1913354.0,0.0,16723.0,189.0,14424.0,277270.0,447603.0,628399.0,0.0
500,OR,2021-6,4246155,208680.0,2803.0,204649.0,3625328.0,5634895.0,4517691.0,2467466.0,2223826.0,0.0,7119.0,103.0,6198.0,204725.0,150800.0,310472.0,0.0
501,OR,2021-7,4246155,219755.0,2886.0,215353.0,3859135.0,5784515.0,4743550.0,2560856.0,2360847.0,0.0,11075.0,83.0,10704.0,233807.0,93390.0,137021.0,0.0
502,OR,2021-8,4246155,276287.0,3211.0,261118.0,4271273.0,6216825.0,4972756.0,2698081.0,2448747.0,0.0,56532.0,325.0,45765.0,412138.0,137225.0,87900.0,0.0
503,OR,2021-9,4246155,330054.0,3791.0,299832.0,4649449.0,6718845.0,5233207.0,2807716.0,2562913.0,0.0,53767.0,580.0,38714.0,378176.0,109635.0,114166.0,0.0
504,OR,2021-10,4246155,365053.0,4372.0,328914.0,5040782.0,7331425.0,5651843.0,2886384.0,2652242.0,305283.0,34999.0,581.0,29082.0,391333.0,78668.0,89329.0,305283.0
505,OR,2021-11,4246155,391099.0,5161.0,348364.0,5388263.0,7983905.0,6201116.0,3013928.0,2699697.0,671460.0,26046.0,789.0,19450.0,347481.0,127544.0,47455.0,366177.0
506,OR,2021-12,4246155,421263.0,5655.0,378668.0,5781049.0,8488505.0,6852504.0,3125834.0,2805561.0,1106438.0,30164.0,494.0,30304.0,392786.0,111906.0,105864.0,434978.0
508,PA,2021-1,12964056,848244.0,21715.0,926473.0,9120796.0,1976925.0,1088172.0,0.0,0.0,0.0,202184.0,5695.0,179740.0,1556700.0,0.0,0.0,0.0
509,PA,2021-2,12964056,935911.0,24056.0,1000997.0,10236089.0,3915545.0,2751844.0,1911844.0,0.0,0.0,87667.0,2341.0,74524.0,1115293.0,1911844.0,0.0,0.0
510,PA,2021-3,12964056,1030415.0,25150.0,1085382.0,11444181.0,7659555.0,6056762.0,4071410.0,2128284.0,0.0,94504.0,1094.0,84385.0,1208092.0,2159566.0,2128284.0,0.0
511,PA,2021-4,12964056,1156246.0,26275.0,1198188.0,12733115.0,12618775.0,10051650.0,6326613.0,4092041.0,0.0,125831.0,1125.0,112806.0,1288934.0,2255203.0,1963757.0,0.0
512,PA,2021-5,12964056,1206755.0,27268.0,1241195.0,13608933.0,15063565.0,12587891.0,7475698.0,5583035.0,0.0,50509.0,993.0,43007.0,875818.0,1149085.0,1490994.0,0.0
513,PA,2021-6,12964056,1216579.0,27725.0,1249785.0,14172074.0,15640825.0,13873980.0,8030076.0,6345433.0,0.0,9824.0,457.0,8590.0,563141.0,554378.0,762398.0,0.0
514,PA,2021-7,12964056,1229002.0,27850.0,1262481.0,14637733.0,16304505.0,14548512.0,8379145.0,6694268.0,0.0,12423.0,125.0,12696.0,465659.0,349069.0,348835.0,0.0
515,PA,2021-8,12964056,1300368.0,28235.0,1330299.0,15536611.0,17853915.0,15403600.0,8880224.0,7054540.0,0.0,71366.0,385.0,67818.0,898878.0,501079.0,360272.0,0.0
516,PA,2021-9,12964056,1429940.0,29400.0,1457107.0,16846295.0,19275615.0,16205819.0,9283640.0,7405158.0,0.0,129572.0,1165.0,126808.0,1309684.0,403416.0,350618.0,0.0
517,PA,2021-10,12964056,1564939.0,31454.0,1580045.0,18084780.0,21155025.0,17661174.0,9991346.0,7756019.0,497521.0,134999.0,2054.0,122938.0,1238485.0,707706.0,350861.0,497521.0
518,PA,2021-11,12964056,1736920.0,33421.0,1731388.0,19242482.0,23777055.0,18310906.0,10455826.0,7478745.0,1071194.0,171981.0,1967.0,151343.0,1157702.0,464480.0,-277274.0,573673.0
519,PA,2021-12,12964056,2036424.0,36705.0,2025240.0,20614168.0,25675635.0,20123432.0,10019137.0,8175175.0,2618469.0,299504.0,3284.0,293852.0,1371686.0,-436689.0,696430.0,1547275.0
521,PR,2021-1,3263584,127239.0,1829.0,26268.0,367193.0,530950.0,249394.0,0.0,0.0,0.0,17333.0,326.0,2238.0,28472.0,0.0,0.0,0.0
522,PR,2021-2,3263584,133912.0,2036.0,29767.0,429992.0,1036820.0,549615.0,355184.0,0.0,0.0,6673.0,207.0,3499.0,62799.0,355184.0,0.0,0.0
523,PR,2021-3,3263584,140720.0,2113.0,38349.0,552920.0,2010390.0,1088065.0,708489.0,404691.0,0.0,6808.0,77.0,8582.0,122928.0,353305.0,404691.0,0.0
524,PR,2021-4,3263584,165052.0,2303.0,65829.0,754634.0,3175510.0,1885594.0,1193147.0,777089.0,0.0,24332.0,190.0,27480.0,201714.0,484658.0,372398.0,0.0
525,PR,2021-5,3263584,172305.0,2502.0,75249.0,939393.0,3858830.0,2709134.0,1626010.0,1187823.0,0.0,7253.0,199.0,9420.0,184759.0,432863.0,410734.0,0.0
526,PR,2021-6,3263584,173641.0,2549.0,77118.0,1052941.0,4167010.0,3230732.0,1878854.0,1473955.0,0.0,1336.0,47.0,1869.0,113548.0,252844.0,286132.0,0.0
527,PR,2021-7,3263584,179832.0,2580.0,83531.0,1162936.0,4266370.0,3975244.0,2197391.0,1911719.0,0.0,6191.0,31.0,6413.0,109995.0,318537.0,437764.0,0.0
528,PR,2021-8,3263584,204067.0,2860.0,106479.0,1358716.0,4375710.0,4238431.0,2367418.0,2009771.0,0.0,24235.0,280.0,22948.0,195780.0,170027.0,98052.0,0.0
529,PR,2021-9,3263584,214802.0,3149.0,117724.0,1544849.0,4947010.0,4673227.0,2530211.0,2245195.0,0.0,10735.0,289.0,11245.0,186133.0,162793.0,235424.0,0.0
530,PR,2021-10,3263584,218427.0,3234.0,120863.0,1682336.0,5051450.0,5027906.0,2624734.0,2349850.0,171781.0,3625.0,85.0,3139.0,137487.0,94523.0,104655.0,171781.0
531,PR,2021-11,3263584,221629.0,3270.0,124122.0,1807659.0,6007140.0,5402867.0,2710218.0,2365975.0,409079.0,3202.0,36.0,3259.0,125323.0,85484.0,16125.0,237298.0
532,PR,2021-12,3263584,305905.0,3305.0,180314.0,2061555.0,6437230.0,5934828.0,2844678.0,2461503.0,710462.0,84276.0,35.0,56192.0,253896.0,134460.0,95528.0,301383.0
534,RI,2021-1,1095610,114438.0,2154.0,167099.0,2342614.0,173225.0,91177.0,0.0,0.0,0.0,26489.0,377.0,38113.0,633829.0,0.0,0.0,0.0
535,RI,2021-2,1095610,125622.0,2502.0,176086.0,2689649.0,308415.0,256755.0,183254.0,0.0,0.0,11184.0,348.0,8987.0,347035.0,183254.0,0.0,0.0
536,RI,2021-3,1095610,137329.0,2619.0,185844.0,3118445.0,652615.0,559186.0,349215.0,221888.0,0.0,11707.0,117.0,9758.0,428796.0,165961.0,221888.0,0.0
537,RI,2021-4,1095610,148186.0,2671.0,194487.0,3509436.0,1130875.0,913120.0,556126.0,387339.0,0.0,10857.0,52.0,8643.0,390991.0,206911.0,165451.0,0.0
538,RI,2021-5,1095610,151743.0,2708.0,197665.0,3720190.0,1459925.0,1163595.0,646373.0,548312.0,0.0,3557.0,37.0,3178.0,210754.0,90247.0,160973.0,0.0
539,RI,2021-6,1095610,152613.0,2730.0,198288.0,3852097.0,1512025.0,1276058.0,684276.0,623797.0,0.0,870.0,22.0,623.0,131907.0,37903.0,75485.0,0.0
540,RI,2021-7,1095610,154339.0,2740.0,199901.0,3959343.0,1565265.0,1329473.0,713873.0,651498.0,0.0,1726.0,10.0,1613.0,107246.0,29597.0,27701.0,0.0
541,RI,2021-8,1095610,162617.0,2770.0,207054.0,4156316.0,1637175.0,1393434.0,757546.0,685619.0,0.0,8278.0,30.0,7153.0,196973.0,43673.0,34121.0,0.0
542,RI,2021-9,1095610,172361.0,2838.0,216577.0,4549909.0,1699475.0,1461411.0,797418.0,723162.0,0.0,9744.0,68.0,9523.0,393593.0,39872.0,37543.0,0.0
543,RI,2021-10,1095610,179405.0,2878.0,222772.0,4900607.0,1851895.0,1571070.0,828526.0,751359.0,80484.0,7044.0,40.0,6195.0,350698.0,31108.0,28197.0,80484.0
544,RI,2021-11,1095610,191763.0,2932.0,235078.0,5216558.0,2041815.0,1746372.0,881393.0,768877.0,195936.0,12358.0,54.0,12306.0,315951.0,52867.0,17518.0,115452.0
545,RI,2021-12,1095610,231096.0,3066.0,266409.0,5655354.0,2282465.0,1958192.0,945588.0,811090.0,344413.0,39333.0,134.0,31331.0,438796.0,64195.0,42213.0,148477.0
547,SC,2021-1,5190705,443386.0,7042.0,534348.0,3828352.0,560150.0,439541.0,0.0,0.0,0.0,135879.0,1746.0,131709.0,890926.0,0.0,0.0,0.0
548,SC,2021-2,5190705,516823.0,8546.0,584927.0,4517858.0,1339205.0,1086550.0,737658.0,0.0,0.0,73437.0,1504.0,50579.0,689506.0,737658.0,0.0,0.0
549,SC,2021-3,5190705,551630.0,9146.0,610516.0,5094866.0,2868095.0,2150462.0,1403522.0,774353.0,0.0,34807.0,600.0,25589.0,577008.0,665864.0,774353.0,0.0
550,SC,2021-4,5190705,578659.0,9497.0,631819.0,5560548.0,4523435.0,3241756.0,1881335.0,1407621.0,0.0,27029.0,351.0,21303.0,465682.0,477813.0,633268.0,0.0
551,SC,2021-5,5190705,593262.0,9736.0,641734.0,5846300.0,5082625.0,3774914.0,2107505.0,1738713.0,0.0,14603.0,239.0,9915.0,285752.0,226170.0,331092.0,0.0
552,SC,2021-6,5190705,596840.0,9819.0,646074.0,6055436.0,5291285.0,4190059.0,2280229.0,1991900.0,0.0,3578.0,83.0,4340.0,209136.0,172724.0,253187.0,0.0
553,SC,2021-7,5190705,617148.0,9904.0,674935.0,6307003.0,5588815.0,4410827.0,2408619.0,2091278.0,0.0,20308.0,85.0,28861.0,251567.0,128390.0,99378.0,0.0
554,SC,2021-8,5190705,735287.0,10598.0,803902.0,7076093.0,6322035.0,4812642.0,2658705.0,2232208.0,0.0,118139.0,694.0,128967.0,769090.0,250086.0,140930.0,0.0
555,SC,2021-9,5190705,857386.0,12472.0,921415.0,8003548.0,6833215.0,5262891.0,2844094.0,2433429.0,0.0,122099.0,1874.0,117513.0,927455.0,185389.0,201221.0,0.0
556,SC,2021-10,5190705,897152.0,13716.0,956658.0,8581991.0,7664965.0,5730131.0,2966691.0,2574674.0,301403.0,39766.0,1244.0,35243.0,578443.0,122597.0,141245.0,301403.0
557,SC,2021-11,5190705,918321.0,14210.0,975467.0,9046549.0,8315745.0,6194615.0,3102884.0,2646396.0,553123.0,21169.0,494.0,18809.0,464558.0,136193.0,71722.0,251720.0
558,SC,2021-12,5190705,975320.0,14636.0,1031846.0,9541161.0,8811295.0,6731650.0,3236703.0,2738076.0,859773.0,56999.0,426.0,56379.0,494612.0,133819.0,91680.0,306650.0
560,SD,2021-1,895376,108250.0,1778.0,58104.0,445713.0,130700.0,105961.0,0.0,0.0,0.0,9086.0,290.0,2700.0,31798.0,0.0,0.0,0.0
561,SD,2021-2,895376,112427.0,1888.0,59445.0,470267.0,329300.0,278285.0,184028.0,0.0,0.0,4177.0,110.0,1341.0,24554.0,184028.0,0.0,0.0
562,SD,2021-3,895376,117759.0,1935.0,63388.0,505930.0,618745.0,496601.0,308289.0,198087.0,0.0,5332.0,47.0,3943.0,35663.0,124261.0,198087.0,0.0
563,SD,2021-4,895376,122660.0,1967.0,67914.0,544007.0,899255.0,699187.0,395076.0,324779.0,0.0,4901.0,32.0,4526.0,38077.0,86787.0,126692.0,0.0
564,SD,2021-5,895376,124191.0,2014.0,69817.0,569326.0,936015.0,776141.0,426758.0,375451.0,0.0,1531.0,47.0,1903.0,25319.0,31682.0,50672.0,0.0
565,SD,2021-6,895376,124536.0,2035.0,70577.0,585759.0,958765.0,819287.0,446891.0,401431.0,0.0,345.0,21.0,760.0,16433.0,20133.0,25980.0,0.0
566,SD,2021-7,895376,125216.0,2043.0,71983.0,601824.0,996865.0,851237.0,466986.0,415448.0,0.0,680.0,8.0,1406.0,16065.0,20095.0,14017.0,0.0
567,SD,2021-8,895376,132259.0,2069.0,80378.0,635339.0,1082595.0,899563.0,496277.0,434182.0,0.0,7043.0,26.0,8395.0,33515.0,29291.0,18734.0,0.0
568,SD,2021-9,895376,145018.0,2142.0,92918.0,691145.0,1175615.0,957432.0,523757.0,457326.0,0.0,12759.0,73.0,12540.0,55806.0,27480.0,23144.0,0.0
569,SD,2021-10,895376,154482.0,2235.0,103619.0,740364.0,1348445.0,1028110.0,549309.0,465631.0,50313.0,9464.0,93.0,10701.0,49219.0,25552.0,8305.0,50313.0
570,SD,2021-11,895376,166208.0,2334.0,113733.0,786503.0,1489515.0,1149804.0,592615.0,483369.0,114472.0,11726.0,99.0,10114.0,46139.0,43306.0,17738.0,64159.0
571,SD,2021-12,895376,179204.0,2486.0,123384.0,838466.0,1581285.0,1264731.0,628500.0,505847.0,173905.0,12996.0,152.0,9651.0,51963.0,35885.0,22478.0,59433.0
573,TN,2021-1,6975218,713290.0,9557.0,704577.0,5107145.0,998875.0,609213.0,0.0,0.0,0.0,140711.0,2711.0,97815.0,551025.0,0.0,0.0,0.0
574,TN,2021-2,6975218,761232.0,11317.0,735113.0,5444445.0,1965740.0,1359382.0,878954.0,0.0,0.0,47942.0,1760.0,30536.0,337300.0,878954.0,0.0,0.0
575,TN,2021-3,6975218,797531.0,11798.0,759774.0,5786433.0,3804790.0,2655309.0,1711847.0,942765.0,0.0,36299.0,481.0,24661.0,341988.0,832893.0,942765.0,0.0
576,TN,2021-4,6975218,832853.0,12100.0,782163.0,6093353.0,5510930.0,4009536.0,2339881.0,1671930.0,0.0,35322.0,302.0,22389.0,306920.0,628034.0,729165.0,0.0
577,TN,2021-5,6975218,848020.0,12341.0,793210.0,6311852.0,6086730.0,4852489.0,2678177.0,2170771.0,0.0,15167.0,241.0,11047.0,218499.0,338296.0,498841.0,0.0
578,TN,2021-6,6975218,854211.0,12466.0,797257.0,6462354.0,6313590.0,5272627.0,2845692.0,2415814.0,0.0,6191.0,125.0,4047.0,150502.0,167515.0,245043.0,0.0
579,TN,2021-7,6975218,879858.0,12638.0,820318.0,6630402.0,6751740.0,5755732.0,3056804.0,2670396.0,0.0,25647.0,172.0,23061.0,168048.0,211112.0,254582.0,0.0
580,TN,2021-8,6975218,1032434.0,13378.0,933715.0,7101870.0,7799390.0,6322024.0,3385615.0,2857691.0,0.0,152576.0,740.0,113397.0,471468.0,328811.0,187295.0,0.0
581,TN,2021-9,6975218,1200264.0,15026.0,1031386.0,7545571.0,8551690.0,6875072.0,3600059.0,3103098.0,0.0,167830.0,1648.0,97671.0,443701.0,214444.0,245407.0,0.0
582,TN,2021-10,6975218,1251111.0,16216.0,1066639.0,7876307.0,9399820.0,7457778.0,3724536.0,3254781.0,399686.0,50847.0,1190.0,35253.0,330736.0,124477.0,151683.0,399686.0
583,TN,2021-11,6975218,1286770.0,16903.0,1090291.0,8194113.0,10250410.0,8175906.0,3881413.0,3383804.0,795662.0,35659.0,687.0,23652.0,317806.0,156877.0,129023.0,395976.0
584,TN,2021-12,6975218,1379917.0,20640.0,1122061.0,8376100.0,10873470.0,8945296.0,4015170.0,3510789.0,1243841.0,93147.0,3737.0,31770.0,181987.0,133757.0,126985.0,448179.0
586,TX,2021-1,29527941,2333678.0,37242.0,2731021.0,16539843.0,3659550.0,2408879.0,0.0,0.0,0.0,602433.0,9087.0,610738.0,2919147.0,0.0,0.0,0.0
587,TX,2021-2,29527941,2611001.0,43949.0,2953310.0,18366476.0,7615175.0,5566612.0,3533100.0,0.0,0.0,277323.0,6707.0,222289.0,1826633.0,3533100.0,0.0,0.0
588,TX,2021-3,29527941,2750748.0,48537.0,3065089.0,20245056.0,16084645.0,11604088.0,7476870.0,3973093.0,0.0,139747.0,4588.0,111779.0,1878580.0,3943770.0,3973093.0,0.0
589,TX,2021-4,29527941,2849970.0,50403.0,3164120.0,22037749.0,25401725.0,18885671.0,11092489.0,7826009.0,0.0,99222.0,1866.0,99031.0,1792693.0,3615619.0,3852916.0,0.0
590,TX,2021-5,29527941,2908651.0,51673.0,3220490.0,23495939.0,30386725.0,22990898.0,12832128.0,10295840.0,0.0,58681.0,1270.0,56370.0,1458190.0,1739639.0,2469831.0,0.0
591,TX,2021-6,29527941,2954682.0,52518.0,3258414.0,24593544.0,31844105.0,25686380.0,13962839.0,11932087.0,0.0,46031.0,845.0,37924.0,1097605.0,1130711.0,1636247.0,0.0
592,TX,2021-7,29527941,3093066.0,53402.0,3445152.0,25876013.0,33560945.0,27420863.0,14982363.0,12713003.0,0.0,138384.0,884.0,186738.0,1282469.0,1019524.0,780916.0,0.0
593,TX,2021-8,29527941,3565156.0,57205.0,3953365.0,28357621.0,38432925.0,30165551.0,16562122.0,13753861.0,0.0,472090.0,3803.0,508213.0,2481608.0,1579759.0,1040858.0,0.0
594,TX,2021-9,29527941,4020674.0,65532.0,4336281.0,31042415.0,41766835.0,32309531.0,17258083.0,14813685.0,0.0,455518.0,8327.0,382916.0,2684794.0,695961.0,1059824.0,0.0
595,TX,2021-10,29527941,4191135.0,71517.0,4480568.0,33026342.0,44773525.0,34598563.0,17808286.0,15481485.0,1499326.0,170461.0,5985.0,144287.0,1983927.0,550203.0,667800.0,1499326.0
596,TX,2021-11,29527941,4288344.0,74145.0,4578687.0,34666177.0,49037875.0,37245206.0,18584093.0,15861342.0,2852193.0,97209.0,2628.0,98119.0,1639835.0,775807.0,379857.0,1352867.0
597,TX,2021-12,29527941,4535599.0,76062.0,5020256.0,36695995.0,51886995.0,40613411.0,19374629.0,16517819.0,4640940.0,247255.0,1917.0,441569.0,2029818.0,790536.0,656477.0,1788747.0
599,UT,2021-1,3337975,346624.0,1665.0,440398.0,2722460.0,401375.0,286501.0,0.0,0.0,0.0,70012.0,395.0,83813.0,329639.0,0.0,0.0,0.0
600,UT,2021-2,3337975,371291.0,1935.0,469377.0,2965872.0,820950.0,688505.0,391851.0,0.0,0.0,24667.0,270.0,28979.0,243412.0,391851.0,0.0,0.0
601,UT,2021-3,3337975,385700.0,2122.0,482013.0,3237254.0,1627020.0,1327487.0,814168.0,365896.0,0.0,14409.0,187.0,12636.0,271382.0,422317.0,365896.0,0.0
602,UT,2021-4,3337975,397388.0,2202.0,491924.0,3475562.0,2540220.0,2116254.0,1254664.0,749770.0,0.0,11688.0,80.0,9911.0,238308.0,440496.0,383874.0,0.0
603,UT,2021-5,3337975,406240.0,2302.0,499496.0,3653767.0,3100720.0,2589347.0,1452738.0,1041920.0,0.0,8852.0,100.0,7572.0,178205.0,198074.0,292150.0,0.0
604,UT,2021-6,3337975,415210.0,2371.0,508503.0,3807679.0,3218680.0,2847810.0,1561287.0,1196468.0,0.0,8970.0,69.0,9007.0,153912.0,108549.0,154548.0,0.0
605,UT,2021-7,3337975,432539.0,2451.0,526964.0,3970434.0,3381470.0,3005542.0,1670741.0,1436969.0,0.0,17329.0,80.0,18461.0,162755.0,109454.0,240501.0,0.0
606,UT,2021-8,3337975,464502.0,2634.0,556880.0,4209738.0,3754840.0,3228943.0,1803415.0,1522997.0,0.0,31963.0,183.0,29916.0,239304.0,132674.0,86028.0,0.0
607,UT,2021-9,3337975,508593.0,2932.0,597144.0,4539470.0,3988270.0,3427654.0,1889984.0,1622171.0,0.0,44091.0,298.0,40264.0,329732.0,86569.0,99174.0,0.0
608,UT,2021-10,3337975,549998.0,3208.0,635007.0,4825940.0,4434170.0,3699512.0,1960231.0,1717796.0,121844.0,41405.0,276.0,37863.0,286470.0,70247.0,95625.0,121844.0
609,UT,2021-11,3337975,595933.0,3528.0,673551.0,5122176.0,4982170.0,4016039.0,2048267.0,1772790.0,290778.0,45935.0,320.0,38544.0,296236.0,88036.0,54994.0,168934.0
610,UT,2021-12,3337975,637144.0,3787.0,719565.0,5441663.0,5401060.0,4522293.0,2160538.0,1885136.0,567373.0,41211.0,259.0,46014.0,319487.0,112271.0,112346.0,276595.0
612,VA,2021-1,8642274,504779.0,6464.0,787208.0,5002439.0,1232350.0,833221.0,0.0,0.0,0.0,155195.0,1432.0,196814.0,868369.0,0.0,0.0,0.0
613,VA,2021-2,8642274,576050.0,8552.0,855143.0,5620089.0,2536495.0,2086194.0,1349077.0,0.0,0.0,71271.0,2088.0,67935.0,617650.0,1349077.0,0.0,0.0
614,VA,2021-3,8642274,618976.0,10252.0,896161.0,6225452.0,4907455.0,4056991.0,2671921.0,1457374.0,0.0,42926.0,1700.0,41018.0,605363.0,1322844.0,1457374.0,0.0
615,VA,2021-4,8642274,659590.0,10770.0,931893.0,6772581.0,8073915.0,6643728.0,4019353.0,2802389.0,0.0,40614.0,518.0,35732.0,547129.0,1347432.0,1345015.0,0.0
616,VA,2021-5,8642274,675538.0,11186.0,946540.0,7140225.0,9792225.0,8356712.0,4719678.0,3850933.0,0.0,15948.0,416.0,14647.0,367644.0,700325.0,1048544.0,0.0
617,VA,2021-6,8642274,680340.0,11415.0,952702.0,7426796.0,10358165.0,9230660.0,5040260.0,4422065.0,0.0,4802.0,229.0,6162.0,286571.0,320582.0,571132.0,0.0
618,VA,2021-7,8642274,694384.0,11532.0,973688.0,7728518.0,10839065.0,9679982.0,5266866.0,4652774.0,0.0,14044.0,117.0,20986.0,301722.0,226606.0,230709.0,0.0
619,VA,2021-8,8642274,766435.0,11842.0,1044125.0,8296496.0,11823105.0,10240407.0,5574196.0,4887531.0,0.0,72051.0,310.0,70437.0,567978.0,307330.0,234757.0,0.0
620,VA,2021-9,8642274,866776.0,12750.0,1145412.0,9198136.0,12733165.0,10882638.0,5839079.0,5170550.0,0.0,100341.0,908.0,101287.0,901640.0,264883.0,283019.0,0.0
621,VA,2021-10,8642274,924771.0,13907.0,1199208.0,9839279.0,14044995.0,11792158.0,6072544.0,5386168.0,567005.0,57995.0,1157.0,53796.0,641143.0,233465.0,215618.0,567005.0
622,VA,2021-11,8642274,969116.0,14710.0,1239943.0,10366411.0,15628535.0,13100880.0,6451445.0,5542940.0,1308020.0,44345.0,803.0,40735.0,527132.0,378901.0,156772.0,741015.0
623,VA,2021-12,8642274,1118518.0,15587.0,1396969.0,11051674.0,16891135.0,14499285.0,6752283.0,5807768.0,2126728.0,149402.0,877.0,157026.0,685263.0,300838.0,264828.0,818708.0
625,VT,2021-1,645570,11965.0,174.0,18013.0,901994.0,99750.0,67180.0,0.0,0.0,0.0,4553.0,38.0,6564.0,184596.0,0.0,0.0,0.0
626,VT,2021-2,645570,15198.0,204.0,22254.0,1107891.0,206910.0,162558.0,104583.0,0.0,0.0,3233.0,30.0,4241.0,205897.0,104583.0,0.0,0.0
627,VT,2021-3,645570,19275.0,227.0,28378.0,1380286.0,417840.0,328451.0,209145.0,117656.0,0.0,4077.0,23.0,6124.0,272395.0,104562.0,117656.0,0.0
628,VT,2021-4,645570,22952.0,246.0,33131.0,1620051.0,682870.0,563428.0,343866.0,232682.0,0.0,3677.0,19.0,4753.0,239765.0,134721.0,115026.0,0.0
629,VT,2021-5,645570,24220.0,255.0,34937.0,1732279.0,897370.0,774149.0,439926.0,349392.0,0.0,1268.0,9.0,1806.0,112228.0,96060.0,116710.0,0.0
630,VT,2021-6,645570,24410.0,256.0,35214.0,1774156.0,920260.0,851583.0,461243.0,409254.0,0.0,190.0,1.0,277.0,41877.0,21317.0,59862.0,0.0
631,VT,2021-7,645570,24889.0,260.0,35993.0,1820437.0,950640.0,872990.0,471276.0,421444.0,0.0,479.0,4.0,779.0,46281.0,10033.0,12190.0,0.0
632,VT,2021-8,645570,28200.0,276.0,40739.0,1946732.0,983900.0,874010.0,475005.0,423736.0,0.0,3311.0,16.0,4746.0,126295.0,3729.0,2292.0,0.0
633,VT,2021-9,645570,33662.0,317.0,48336.0,2140885.0,1047290.0,897919.0,484962.0,433565.0,0.0,5462.0,41.0,7597.0,194153.0,9957.0,9829.0,0.0
634,VT,2021-10,645570,40191.0,364.0,56697.0,2378347.0,1166880.0,980062.0,497477.0,444573.0,64128.0,6529.0,47.0,8361.0,237462.0,12515.0,11008.0,64128.0
635,VT,2021-11,645570,50014.0,410.0,69114.0,2649080.0,1301670.0,1120308.0,533218.0,454783.0,158945.0,9823.0,46.0,12417.0,270733.0,35741.0,10210.0,94817.0
636,VT,2021-12,645570,64447.0,471.0,90269.0,2961730.0,1426470.0,1253340.0,558172.0,483594.0,237954.0,14433.0,61.0,21155.0,312650.0,24954.0,28811.0,79009.0
638,WA,2021-1,7738692,315769.0,4369.0,0.0,0.0,1031400.0,684344.0,0.0,0.0,0.0,64705.0,846.0,0.0,0.0,0.0,0.0,0.0
639,WA,2021-2,7738692,342644.0,5024.0,0.0,0.0,2245010.0,1729208.0,1134837.0,0.0,0.0,26875.0,655.0,0.0,0.0,1134837.0,0.0,0.0
640,WA,2021-3,7738692,366907.0,5309.0,0.0,0.0,4495070.0,3586736.0,2272698.0,1365670.0,0.0,24263.0,285.0,0.0,0.0,1137861.0,1365670.0,0.0
641,WA,2021-4,7738692,404972.0,5547.0,0.0,0.0,7203050.0,5828363.0,3524503.0,2454705.0,0.0,38065.0,238.0,0.0,0.0,1251805.0,1089035.0,0.0
642,WA,2021-5,7738692,437500.0,5809.0,0.0,0.0,8898290.0,7653428.0,4321624.0,3552692.0,0.0,32528.0,262.0,0.0,0.0,797121.0,1097987.0,0.0
643,WA,2021-6,7738692,453630.0,5984.0,0.0,0.0,9381235.0,8563778.0,4663854.0,4150522.0,0.0,16130.0,175.0,0.0,0.0,342230.0,597830.0,0.0
644,WA,2021-7,7738692,474520.0,6165.0,0.0,0.0,9739945.0,9003082.0,4872247.0,4388828.0,0.0,20890.0,181.0,0.0,0.0,208393.0,238306.0,0.0
645,WA,2021-8,7738692,564787.0,6638.0,0.0,0.0,10534125.0,9498458.0,5165371.0,4581633.0,0.0,90267.0,473.0,0.0,0.0,293124.0,192805.0,0.0
646,WA,2021-9,7738692,660467.0,7780.0,0.0,0.0,11325765.0,9580603.0,5118060.0,4631921.0,0.0,95680.0,1142.0,0.0,0.0,-47311.0,50288.0,0.0
647,WA,2021-10,7738692,727820.0,8686.0,0.0,0.0,12581595.0,10326063.0,5283945.0,4834257.0,493171.0,67353.0,906.0,0.0,0.0,165885.0,202336.0,493171.0
648,WA,2021-11,7738692,777001.0,9349.0,0.0,0.0,13976625.0,11377078.0,5552276.0,4953066.0,1173381.0,49181.0,663.0,0.0,0.0,268331.0,118809.0,680210.0
649,WA,2021-12,7738692,852824.0,9904.0,0.0,0.0,15176505.0,12619972.0,5768728.0,5176966.0,1984104.0,75823.0,555.0,0.0,0.0,216452.0,223900.0,810723.0
651,WI,2021-1,5895908,591540.0,6437.0,660040.0,6311930.0,795050.0,491058.0,0.0,0.0,0.0,71702.0,1192.0,64161.0,750138.0,0.0,0.0,0.0
652,WI,2021-2,5895908,616780.0,7019.0,683429.0,7022054.0,1588665.0,1470570.0,958333.0,0.0,0.0,25240.0,582.0,23389.0,710124.0,958333.0,0.0,0.0
653,WI,2021-3,5895908,635650.0,7316.0,702168.0,7737253.0,3355325.0,2905410.0,1850625.0,1079684.0,0.0,18870.0,297.0,18739.0,715199.0,892292.0,1079684.0,0.0
654,WI,2021-4,5895908,660062.0,7550.0,726708.0,8368748.0,5241375.0,4644336.0,2656544.0,2054388.0,0.0,24412.0,234.0,24540.0,631495.0,805919.0,974704.0,0.0
655,WI,2021-5,5895908,674030.0,7856.0,739614.0,8797363.0,5934385.0,5481395.0,2976930.0,2594334.0,0.0,13968.0,306.0,12906.0,428615.0,320386.0,539946.0,0.0
656,WI,2021-6,5895908,677233.0,8128.0,742908.0,9089861.0,6111245.0,5906485.0,3122615.0,2879461.0,0.0,3203.0,272.0,3294.0,292498.0,145685.0,285127.0,0.0
657,WI,2021-7,5895908,686782.0,8290.0,754742.0,9353277.0,6393985.0,6163565.0,3239235.0,3015017.0,0.0,9549.0,162.0,11834.0,263416.0,116620.0,135556.0,0.0
658,WI,2021-8,5895908,733557.0,8462.0,801822.0,9868701.0,6955945.0,6469278.0,3412329.0,3142587.0,0.0,46775.0,172.0,47080.0,515424.0,173094.0,127570.0,0.0
659,WI,2021-9,5895908,809782.0,8888.0,881572.0,10684446.0,7379855.0,6789307.0,3547981.0,3286121.0,0.0,76225.0,426.0,79750.0,815745.0,135652.0,143534.0,0.0
660,WI,2021-10,5895908,882018.0,9416.0,947685.0,11377871.0,8346235.0,7374991.0,3652087.0,3395756.0,452424.0,72236.0,528.0,66113.0,693425.0,104106.0,109635.0,452424.0
661,WI,2021-11,5895908,980261.0,10006.0,1034227.0,12024408.0,9291735.0,8194809.0,3832519.0,3464470.0,1008230.0,98243.0,590.0,86542.0,646537.0,180432.0,68714.0,555806.0
662,WI,2021-12,5895908,1120069.0,11173.0,1183301.0,12789100.0,10097975.0,9144132.0,3978452.0,3611878.0,1619261.0,139808.0,1167.0,149074.0,764692.0,145933.0,147408.0,611031.0
664,WV,2021-1,1782959,121001.0,2024.0,153130.0,1929358.0,305200.0,259774.0,0.0,0.0,0.0,35667.0,686.0,43144.0,362832.0,0.0,0.0,0.0
665,WV,2021-2,1782959,131855.0,2300.0,164651.0,2105854.0,605255.0,532295.0,317008.0,0.0,0.0,10854.0,276.0,11521.0,176496.0,317008.0,0.0,0.0
666,WV,2021-3,1782959,141738.0,2676.0,174761.0,2285964.0,1136405.0,874459.0,537000.0,336742.0,0.0,9883.0,376.0,10110.0,180110.0,219992.0,336742.0,0.0
667,WV,2021-4,1782959,153128.0,2679.0,187427.0,2454494.0,1649555.0,1173419.0,641217.0,543800.0,0.0,11390.0,3.0,12666.0,168530.0,104217.0,207058.0,0.0
668,WV,2021-5,1782959,161287.0,2792.0,195529.0,2578505.0,1836245.0,1315912.0,729304.0,609868.0,0.0,8159.0,113.0,8102.0,124011.0,88087.0,66068.0,0.0
669,WV,2021-6,1782959,164041.0,2891.0,197805.0,2658313.0,1889805.0,1417620.0,781983.0,666545.0,0.0,2754.0,99.0,2276.0,79808.0,52679.0,56677.0,0.0
670,WV,2021-7,1782959,167016.0,2946.0,201320.0,2741547.0,1977205.0,1487736.0,825244.0,699786.0,0.0,2975.0,55.0,3515.0,83234.0,43261.0,33241.0,0.0
671,WV,2021-8,1782959,189690.0,3084.0,224970.0,2936126.0,2561775.0,1514115.0,843679.0,710603.0,0.0,22674.0,138.0,23650.0,194579.0,18435.0,10817.0,0.0
672,WV,2021-9,1782959,240459.0,3670.0,276913.0,3269657.0,2974635.0,1549965.0,863354.0,724405.0,0.0,50769.0,586.0,51943.0,333531.0,19675.0,13802.0,0.0
673,WV,2021-10,1782959,272532.0,4426.0,307811.0,3517523.0,3176695.0,1590905.0,878045.0,735450.0,45091.0,32073.0,756.0,30898.0,247866.0,14691.0,11045.0,45091.0
674,WV,2021-11,1782959,294794.0,4868.0,330262.0,3712135.0,3379485.0,1690860.0,966272.0,744500.0,57842.0,22262.0,442.0,22451.0,194612.0,88227.0,9050.0,12751.0
675,WV,2021-12,1782959,328162.0,5336.0,367092.0,3948169.0,3344675.0,2496290.0,1110902.0,987665.0,372915.0,33368.0,468.0,36830.0,236034.0,144630.0,243165.0,315073.0
677,WY,2021-1,578803,51912.0,596.0,45540.0,564952.0,85750.0,57023.0,0.0,0.0,0.0,7503.0,158.0,5796.0,79177.0,0.0,0.0,0.0
678,WY,2021-2,578803,54394.0,671.0,47337.0,614184.0,195855.0,156397.0,99849.0,0.0,0.0,2482.0,75.0,1797.0,49232.0,99849.0,0.0,0.0
679,WY,2021-3,578803,56310.0,700.0,49355.0,672609.0,378565.0,262406.0,156910.0,105052.0,0.0,1916.0,29.0,2018.0,58425.0,57061.0,105052.0,0.0
680,WY,2021-4,578803,58142.0,707.0,50928.0,712795.0,479485.0,356057.0,196453.0,160656.0,0.0,1832.0,7.0,1573.0,40186.0,39543.0,55604.0,0.0
681,WY,2021-5,578803,60144.0,719.0,52433.0,743960.0,505565.0,395629.0,214398.0,184222.0,0.0,2002.0,12.0,1505.0,31165.0,17945.0,23566.0,0.0
682,WY,2021-6,578803,62290.0,747.0,53765.0,772022.0,516025.0,421749.0,226911.0,198958.0,0.0,2146.0,28.0,1332.0,28062.0,12513.0,14736.0,0.0
683,WY,2021-7,578803,65127.0,776.0,55741.0,806073.0,529845.0,447473.0,241610.0,212230.0,0.0,2837.0,29.0,1976.0,34051.0,14699.0,13272.0,0.0
684,WY,2021-8,578803,75136.0,858.0,62119.0,865487.0,586155.0,478281.0,262132.0,223590.0,0.0,10009.0,82.0,6378.0,59414.0,20522.0,11360.0,0.0
685,WY,2021-9,578803,90602.0,996.0,72700.0,949582.0,658215.0,520777.0,280635.0,240814.0,0.0,15466.0,138.0,10581.0,84095.0,18503.0,17224.0,0.0
686,WY,2021-10,578803,102926.0,1174.0,80967.0,1018072.0,742965.0,569168.0,294284.0,254028.0,30404.0,12324.0,178.0,8267.0,68490.0,13649.0,13214.0,30404.0
687,WY,2021-11,578803,111089.0,1428.0,85935.0,1076921.0,813665.0,632809.0,310481.0,263763.0,69165.0,8163.0,254.0,4968.0,58849.0,16197.0,9735.0,38761.0
688,WY,2021-12,578803,115638.0,1526.0,89862.0,1130103.0,846205.0,686161.0,323709.0,275369.0,99199.0,4549.0,98.0,3927.0,53182.0,13228.0,11606.0,30034.0
